{"loss": [1.8480994701385498, 0.9122360944747925, 0.8340662717819214, 0.8040661215782166, 0.7995119690895081, 0.7931373715400696, 0.7903074622154236, 0.7968669533729553, 0.7963260412216187, 0.7909647822380066, 0.7923916578292847, 0.7840780019760132, 0.7876461148262024, 0.7903596758842468, 0.7852071523666382, 0.7865771055221558, 0.7825657725334167, 0.7932456135749817, 0.7891191840171814, 0.7874811887741089, 0.7884992957115173, 0.7929617166519165, 0.7869317531585693, 0.7942882776260376, 0.7889173626899719, 0.7852230072021484, 0.782116174697876, 0.784413754940033, 0.7932122945785522, 0.7874920964241028], "accuracy": [0.5161556005477905, 0.6910083293914795, 0.7156098484992981, 0.725095272064209, 0.7247487902641296, 0.727087676525116, 0.7303361296653748, 0.7272608876228333, 0.7286902070045471, 0.732328474521637, 0.7330214977264404, 0.7339743375778198, 0.7318953275680542, 0.7309858202934265, 0.7340176701545715, 0.7321552038192749, 0.7324150800704956, 0.7315055727958679, 0.7315488457679749, 0.7320685982704163, 0.7332380414009094, 0.7319819927215576, 0.7331081032752991, 0.7360966801643372, 0.7318520545959473, 0.7360100746154785, 0.7341909408569336, 0.7347972989082336, 0.7320252656936646, 0.7364431619644165], "val_loss": [0.799881637096405, 0.7114645838737488, 0.7027508616447449, 0.6792693734169006, 0.64433753490448, 0.6393879055976868, 0.6883689761161804, 0.7107042670249939, 0.6750861406326294, 0.647783100605011, 0.7017370462417603, 0.7261946201324463, 0.6806281805038452, 0.6298417448997498, 0.6941016316413879, 0.638103187084198, 0.6719714999198914, 0.6808820962905884, 0.6549035906791687, 0.7302368879318237, 0.6859922409057617, 0.6489965915679932, 0.6389454007148743, 0.6766659617424011, 0.6528416275978088, 0.6492992639541626, 0.6956086158752441, 0.6889653205871582, 0.6597833037376404, 0.6995851993560791], "val_accuracy": [0.7187391519546509, 0.7578801512718201, 0.7471423745155334, 0.7596120834350586, 0.7713890075683594, 0.7800484895706177, 0.7648077607154846, 0.7474887371063232, 0.7651541233062744, 0.7814339995384216, 0.7575337886810303, 0.742639422416687, 0.7589192986488342, 0.7859369516372681, 0.7616903185844421, 0.7800484895706177, 0.7682715654373169, 0.7616903185844421, 0.7772774696350098, 0.7471423745155334, 0.7547627091407776, 0.7731208801269531, 0.7738136649131775, 0.7627294659614563, 0.7751991748809814, 0.7751991748809814, 0.7668860554695129, 0.769310712814331, 0.772081732749939, 0.7499133944511414]}