{"loss": [0.9807800650596619, 0.7285921573638916, 0.6679159998893738, 0.6335992813110352, 0.6093992590904236, 0.6014010906219482, 0.5827736258506775, 0.576944887638092, 0.5686609148979187, 0.5648308396339417, 0.561018705368042, 0.5576627850532532, 0.5526479482650757, 0.5545831918716431, 0.5506168603897095, 0.549826443195343, 0.5409252643585205, 0.5472624897956848, 0.5421450734138489, 0.536449134349823, 0.541313648223877, 0.5379515886306763, 0.5341767072677612, 0.5345811247825623, 0.5352963805198669, 0.536909282207489, 0.5364200472831726, 0.5282721519470215, 0.532111406326294, 0.5331791639328003], "accuracy": [0.6571812033653259, 0.7477477192878723, 0.7700536847114563, 0.7780665159225464, 0.78798508644104, 0.7905838489532471, 0.7951749563217163, 0.7990298271179199, 0.7999826669692993, 0.8001126050949097, 0.8024948239326477, 0.8031011819839478, 0.8064362406730652, 0.8045305013656616, 0.8034909963607788, 0.8056566119194031, 0.8088617324829102, 0.8069126605987549, 0.808082103729248, 0.8115904331207275, 0.8102044463157654, 0.8102477192878723, 0.8114171624183655, 0.8093814849853516, 0.8097280263900757, 0.8108108043670654, 0.8092515468597412, 0.8159649968147278, 0.8101611137390137, 0.8102044463157654], "val_loss": [0.748633861541748, 0.6490784883499146, 0.6115000247955322, 0.5854194760322571, 0.5694394111633301, 0.5653207302093506, 0.5568524599075317, 0.5476677417755127, 0.5386338233947754, 0.5427063703536987, 0.5326379537582397, 0.5154439210891724, 0.5408042073249817, 0.5285314917564392, 0.5139058232307434, 0.5304797291755676, 0.5105646848678589, 0.5221844911575317, 0.51318359375, 0.5288135409355164, 0.5088097453117371, 0.5030303597450256, 0.5179713368415833, 0.5068237781524658, 0.5019597411155701, 0.498580664396286, 0.5125448703765869, 0.5164690613746643, 0.501006007194519, 0.502387523651123], "val_accuracy": [0.7471423745155334, 0.7817804217338562, 0.7963283658027649, 0.8046414852142334, 0.8077589273452759, 0.8029096126556396, 0.8070661425590515, 0.8081052899360657, 0.8094907999038696, 0.8091444373130798, 0.8084516525268555, 0.8226532936096191, 0.8084516525268555, 0.8077589273452759, 0.8184967041015625, 0.8133010268211365, 0.81537926197052, 0.8164184093475342, 0.8178039193153381, 0.8077589273452759, 0.8164184093475342, 0.8271562457084656, 0.8160720467567444, 0.8212677240371704, 0.821614146232605, 0.821614146232605, 0.8157256841659546, 0.8133010268211365, 0.8264634609222412, 0.825424313545227]}