{"loss": [0.9757364988327026, 0.732318639755249, 0.6688393354415894, 0.6367806792259216, 0.6101852059364319, 0.5921714901924133, 0.5794447064399719, 0.5763614177703857, 0.5657171607017517, 0.5590768456459045, 0.5543662309646606, 0.5479995608329773, 0.5396626591682434, 0.5400164127349854, 0.5352433323860168, 0.5356285572052002, 0.5294193029403687, 0.5290598273277283, 0.5253776907920837, 0.5277320742607117, 0.5255367755889893, 0.5214972496032715, 0.5213958621025085, 0.5210344791412354, 0.5220264792442322, 0.5184361338615417, 0.5157046914100647, 0.5148964524269104, 0.5062984228134155, 0.5164221525192261], "accuracy": [0.6652373671531677, 0.7488738894462585, 0.7688842415809631, 0.7811850309371948, 0.7888513803482056, 0.7952616214752197, 0.8019750714302063, 0.8032311201095581, 0.8059598207473755, 0.8064362406730652, 0.8086451888084412, 0.8089050650596619, 0.8112006187438965, 0.8114171624183655, 0.8128464818000793, 0.812716543674469, 0.8151853680610657, 0.8137127757072449, 0.8169611692428589, 0.8143624663352966, 0.8167879581451416, 0.8176975250244141, 0.8182605504989624, 0.8165280818939209, 0.8146656155586243, 0.820339560508728, 0.8187803030014038, 0.815098762512207, 0.8226351141929626, 0.8182605504989624], "val_loss": [0.7527788877487183, 0.656583845615387, 0.6116029620170593, 0.5823898315429688, 0.5674490928649902, 0.5573107004165649, 0.54977947473526, 0.536658763885498, 0.5267528295516968, 0.5223835706710815, 0.5248825550079346, 0.5041748881340027, 0.5114700794219971, 0.49842196702957153, 0.49821218848228455, 0.4987327754497528, 0.4882839620113373, 0.4940487742424011, 0.48617032170295715, 0.49618685245513916, 0.4809738099575043, 0.47515320777893066, 0.4797360301017761, 0.478498637676239, 0.487684965133667, 0.4766218960285187, 0.47713014483451843, 0.4706299901008606, 0.4698108732700348, 0.47253239154815674], "val_accuracy": [0.7512989044189453, 0.780741274356842, 0.797367513179779, 0.8067197799682617, 0.8077589273452759, 0.8081052899360657, 0.8129546046257019, 0.8184967041015625, 0.8178039193153381, 0.8205749988555908, 0.8209213614463806, 0.8257706761360168, 0.825424313545227, 0.8271562457084656, 0.8264634609222412, 0.8295809030532837, 0.8306200504302979, 0.8306200504302979, 0.8326982855796814, 0.8278489708900452, 0.8337374329566956, 0.8326982855796814, 0.8320055603981018, 0.833044707775116, 0.8320055603981018, 0.836854875087738, 0.8333910703659058, 0.836854875087738, 0.836854875087738, 0.8347765803337097]}