{"loss": [0.9859076738357544, 0.734987199306488, 0.6732122898101807, 0.6390559077262878, 0.6185398697853088, 0.6002340912818909, 0.5895693302154541, 0.583081066608429, 0.5725418329238892, 0.5697970390319824, 0.5639184713363647, 0.5596142411231995, 0.556832492351532, 0.5525794625282288, 0.5553139448165894, 0.5504969954490662, 0.5469390153884888, 0.5446321368217468, 0.5417041778564453, 0.5480881929397583, 0.5395151376724243, 0.5432143807411194, 0.5383368134498596, 0.5390737056732178, 0.5415138602256775, 0.5344792008399963, 0.538166880607605, 0.5367105603218079, 0.5322538614273071, 0.5312750339508057], "accuracy": [0.6595200896263123, 0.7488738894462585, 0.7669785022735596, 0.7808818221092224, 0.7881150245666504, 0.7933991551399231, 0.7965176701545715, 0.7982501983642578, 0.7992030382156372, 0.8028846383094788, 0.8057865500450134, 0.8032744526863098, 0.8033177256584167, 0.8053967356681824, 0.8066961169242859, 0.8058298826217651, 0.8060464262962341, 0.8091649413108826, 0.8115038275718689, 0.809857964515686, 0.8118069767951965, 0.8071292638778687, 0.810074508190155, 0.8110706806182861, 0.8108541369438171, 0.8122401237487793, 0.8102477192878723, 0.8097712993621826, 0.8138859868049622, 0.8097712993621826], "val_loss": [0.7554404139518738, 0.6690525412559509, 0.6262749433517456, 0.5939460396766663, 0.5904188752174377, 0.573555052280426, 0.5562917590141296, 0.5561238527297974, 0.5372130870819092, 0.5428060293197632, 0.5375362634658813, 0.5344597697257996, 0.5375639200210571, 0.5302358865737915, 0.5236483812332153, 0.5256182551383972, 0.5136867165565491, 0.5258482694625854, 0.5110575556755066, 0.528563916683197, 0.5136034488677979, 0.4961431324481964, 0.49962732195854187, 0.5017839074134827, 0.500593364238739, 0.49638253450393677, 0.49921467900276184, 0.5134015679359436, 0.4915713667869568, 0.49596089124679565], "val_accuracy": [0.7422930598258972, 0.7724281549453735, 0.7876688838005066, 0.7956355810165405, 0.8004849553108215, 0.8004849553108215, 0.8077589273452759, 0.811569094657898, 0.8150328993797302, 0.8126082420349121, 0.8126082420349121, 0.8164184093475342, 0.8139937520027161, 0.8167648315429688, 0.8178039193153381, 0.8191894888877869, 0.8212677240371704, 0.810183584690094, 0.8233460187911987, 0.8136473894119263, 0.8188430666923523, 0.8257706761360168, 0.8299272656440735, 0.8306200504302979, 0.826809823513031, 0.8285417556762695, 0.8243851661682129, 0.8160720467567444, 0.8288881182670593, 0.8288881182670593]}