{"loss": [0.9807280898094177, 0.7299096584320068, 0.6690859794616699, 0.6365249156951904, 0.6094458699226379, 0.5969130992889404, 0.5822309851646423, 0.5729600787162781, 0.5577704310417175, 0.5614506006240845, 0.5528594255447388, 0.5493845343589783, 0.5392369031906128, 0.5430650115013123, 0.5373252034187317, 0.5346989035606384, 0.5241397023200989, 0.5302765369415283, 0.5300078392028809, 0.5280563831329346, 0.5260278582572937, 0.5250270962715149, 0.5224349498748779, 0.521228551864624, 0.5140831470489502, 0.5195353627204895, 0.5190668106079102, 0.5192485451698303, 0.5127818584442139, 0.511316180229187], "accuracy": [0.6641111969947815, 0.7513859868049622, 0.7712231278419495, 0.7804920077323914, 0.7898475527763367, 0.7947851419448853, 0.7989864945411682, 0.7982934713363647, 0.8073458075523376, 0.8056132793426514, 0.8025380969047546, 0.8076056838035583, 0.8109840750694275, 0.8091216087341309, 0.8114604949951172, 0.8128464818000793, 0.8123267292976379, 0.8104209899902344, 0.8109840750694275, 0.8126299381256104, 0.816917896270752, 0.814925491809845, 0.8142325282096863, 0.8141025900840759, 0.8193433880805969, 0.8141891956329346, 0.8159216642379761, 0.8148388862609863, 0.8189535737037659, 0.8178707361221313], "val_loss": [0.7473180294036865, 0.6568244695663452, 0.6150615215301514, 0.5868796706199646, 0.5666249394416809, 0.5637201070785522, 0.55157870054245, 0.5479132533073425, 0.5319983959197998, 0.5418296456336975, 0.5281217694282532, 0.5110990405082703, 0.523380696773529, 0.5101093053817749, 0.5127198696136475, 0.5141388177871704, 0.4964395761489868, 0.5155149102210999, 0.4929145872592926, 0.5050902366638184, 0.49979907274246216, 0.48724281787872314, 0.49198463559150696, 0.48874759674072266, 0.4913400709629059, 0.49113208055496216, 0.5038252472877502, 0.4864715039730072, 0.48652347922325134, 0.4864194691181183], "val_accuracy": [0.754069983959198, 0.7731208801269531, 0.7803948521614075, 0.7956355810165405, 0.8056806325912476, 0.8042951226234436, 0.8060269951820374, 0.8074125647544861, 0.8119154572486877, 0.8077589273452759, 0.820228636264801, 0.8229996562004089, 0.810183584690094, 0.8209213614463806, 0.8167648315429688, 0.821614146232605, 0.8212677240371704, 0.8184967041015625, 0.8306200504302979, 0.8223068714141846, 0.821614146232605, 0.8316591382026672, 0.8257706761360168, 0.8278489708900452, 0.8240388035774231, 0.8278489708900452, 0.8195358514785767, 0.828195333480835, 0.8257706761360168, 0.8243851661682129]}