{"loss": [0.12795588374137878, 0.21384410560131073, 0.11179783940315247, 0.0684669017791748, 0.05958494171500206, 0.07645565271377563, 0.05906597152352333, 0.0497535839676857, 0.05817163363099098, 0.0540567971765995, 0.057572342455387115, 0.04328569024801254, 0.04409746825695038, 0.04505182057619095, 0.03601639345288277, 0.037995871156454086, 0.04392743483185768, 0.04187436401844025, 0.03534679487347603, 0.06537678837776184, 0.05162350833415985, 0.048319682478904724, 0.03829910606145859, 0.047863587737083435, 0.05875067785382271, 0.063780777156353, 0.04758094251155853, 0.05792899802327156, 0.0583292581140995, 0.05489443987607956], "accuracy": [0.9971984624862671, 0.9959759712219238, 0.9971475005149841, 0.9975550174713135, 0.9978097081184387, 0.9971984624862671, 0.9974021911621094, 0.9978097081184387, 0.9973003268241882, 0.9975550174713135, 0.9971475005149841, 0.9976568818092346, 0.9976568818092346, 0.9975550174713135, 0.9979115724563599, 0.9978606104850769, 0.9975040555000305, 0.9975550174713135, 0.9974021911621094, 0.9967909455299377, 0.9971984624862671, 0.9972493648529053, 0.9977078437805176, 0.9972493648529053, 0.997045636177063, 0.997045636177063, 0.997096598148346, 0.997096598148346, 0.9969437718391418, 0.9967909455299377], "val_loss": [95.34219360351562, 68.61180877685547, 47.26311111450195, 45.45992660522461, 42.91998291015625, 44.60643005371094, 43.090091705322266, 51.44245529174805, 48.429290771484375, 36.82554626464844, 43.288211822509766, 42.86810302734375, 46.247039794921875, 36.01767349243164, 43.318267822265625, 55.050559997558594, 46.767154693603516, 42.614051818847656, 49.01806640625, 38.506893157958984, 39.20756530761719, 34.54624557495117, 41.2119026184082, 46.31173324584961, 48.321468353271484, 40.749778747558594, 42.44371032714844, 41.12687301635742, 39.95612716674805, 46.48542404174805], "val_accuracy": [0.17474541068077087, 0.17474541068077087, 0.17637474834918976, 0.17800407111644745, 0.18329939246177673, 0.188187375664711, 0.18900203704833984, 0.1792260706424713, 0.18533605337142944, 0.20896130800247192, 0.188187375664711, 0.19103869795799255, 0.19511201977729797, 0.2065173089504242, 0.1934826821088791, 0.18696537613868713, 0.188187375664711, 0.1955193430185318, 0.19266802072525024, 0.23217922449111938, 0.2179226130247116, 0.24032586812973022, 0.22729124128818512, 0.2179226130247116, 0.20896130800247192, 0.2289205640554428, 0.22851324081420898, 0.23503054678440094, 0.2505091726779938, 0.221181258559227]}