{"loss": [0.11800698190927505, 0.20237208902835846, 0.09493352472782135, 0.0539364367723465, 0.05365113168954849, 0.042260684072971344, 0.041913703083992004, 0.04635651037096977, 0.04013749584555626, 0.03860512748360634, 0.03733791038393974, 0.04220890998840332, 0.03460731729865074, 0.05188317224383354, 0.03906748816370964, 0.03468424454331398, 0.04841930419206619, 0.03708537667989731, 0.05385163798928261, 0.05061516910791397, 0.039246562868356705, 0.04299221932888031, 0.06445750594139099, 0.05094974488019943, 0.04829976335167885, 0.04825391247868538, 0.06449852883815765, 0.055142421275377274, 0.051780566573143005, 0.06597968935966492], "accuracy": [0.9972493648529053, 0.996026873588562, 0.9973512887954712, 0.9978097081184387, 0.9978097081184387, 0.9979115724563599, 0.9978606104850769, 0.9973512887954712, 0.9977078437805176, 0.998013436794281, 0.9975040555000305, 0.9976059198379517, 0.9974531531333923, 0.9972493648529053, 0.9974531531333923, 0.9976059198379517, 0.9971475005149841, 0.9973003268241882, 0.997045636177063, 0.9967400431632996, 0.9975550174713135, 0.9973512887954712, 0.9968419075012207, 0.9973003268241882, 0.9973512887954712, 0.9969437718391418, 0.9967400431632996, 0.9968928098678589, 0.9968419075012207, 0.9966890811920166], "val_loss": [90.7113265991211, 61.09996032714844, 38.95797348022461, 33.82768249511719, 33.87028503417969, 45.36034393310547, 37.51510238647461, 33.971710205078125, 26.972768783569336, 29.61231231689453, 45.104434967041016, 30.970251083374023, 32.520442962646484, 31.371225357055664, 32.96604537963867, 46.78438949584961, 29.93494415283203, 41.839881896972656, 41.07509231567383, 29.326377868652344, 29.156475067138672, 43.81867599487305, 30.197265625, 33.02686309814453, 32.1865234375, 29.96446418762207, 41.889060974121094, 36.33137893676758, 47.31697463989258, 34.25444412231445], "val_accuracy": [0.17474541068077087, 0.17474541068077087, 0.18533605337142944, 0.19103869795799255, 0.21099796891212463, 0.18126273155212402, 0.19063135981559753, 0.21140529215335846, 0.2325865626335144, 0.24480651319026947, 0.1938900202512741, 0.24276985228061676, 0.23380854725837708, 0.24317719042301178, 0.2342158854007721, 0.2028513252735138, 0.2639511227607727, 0.21914459764957428, 0.21995927393436432, 0.2676171064376831, 0.28513237833976746, 0.22647657990455627, 0.30183300375938416, 0.27372708916664124, 0.2839103937149048, 0.2989816665649414, 0.23869653046131134, 0.261507123708725, 0.23136456310749054, 0.28105905652046204]}