{"loss": [0.05407479777932167, 0.0500766783952713, 0.02666749432682991, 0.02255762182176113, 0.020479049533605576, 0.015195007435977459, 0.014150770381093025, 0.012968837283551693, 0.006983849685639143, 0.008101130835711956, 0.00810461025685072, 0.007367383688688278, 0.008127396926283836, 0.008483000099658966, 0.00786065123975277, 0.010383972898125648, 0.00649722944945097, 0.007503414060920477, 0.009558139368891716, 0.008934511803090572, 0.010350680910050869, 0.007240342907607555, 0.009145371615886688, 0.010382167063653469, 0.00959407351911068, 0.0108026759698987, 0.010027608834207058, 0.014468017034232616, 0.008500446565449238, 0.01118000689893961], "accuracy": [0.9971475005149841, 0.9968419075012207, 0.9972493648529053, 0.9974021911621094, 0.9972493648529053, 0.9977587461471558, 0.9977078437805176, 0.9975040555000305, 0.9984718561172485, 0.9981153011322021, 0.9983190894126892, 0.9981153011322021, 0.9982172250747681, 0.9982681274414062, 0.998013436794281, 0.9978097081184387, 0.9982172250747681, 0.998064398765564, 0.9981153011322021, 0.9978097081184387, 0.9979625344276428, 0.9978606104850769, 0.9972493648529053, 0.9972493648529053, 0.9976059198379517, 0.9976059198379517, 0.9976059198379517, 0.997096598148346, 0.9976059198379517, 0.9975040555000305], "val_loss": [28.598045349121094, 15.866350173950195, 16.69924545288086, 15.132041931152344, 15.962555885314941, 15.808586120605469, 15.981240272521973, 15.41928768157959, 14.260228157043457, 15.38796329498291, 19.988718032836914, 14.903267860412598, 14.539366722106934, 13.588580131530762, 19.987335205078125, 14.134174346923828, 13.737248420715332, 13.610869407653809, 13.464261054992676, 16.714923858642578, 13.13780689239502, 19.925539016723633, 15.540066719055176, 18.14934539794922, 16.79876136779785, 14.745424270629883, 19.483598709106445, 15.893659591674805, 12.044230461120605, 14.623412132263184], "val_accuracy": [0.17474541068077087, 0.20529530942440033, 0.20407332479953766, 0.21914459764957428, 0.22932790219783783, 0.23014256358146667, 0.23869653046131134, 0.23706720769405365, 0.24643585085868835, 0.24236252903938293, 0.2252545803785324, 0.2672097682952881, 0.2635437846183777, 0.2786150574684143, 0.2602851390838623, 0.2920570373535156, 0.295315682888031, 0.3209775984287262, 0.3116089701652527, 0.30549898743629456, 0.3197556138038635, 0.2692464292049408, 0.30386966466903687, 0.27576375007629395, 0.28513237833976746, 0.33482688665390015, 0.2769857347011566, 0.32749491930007935, 0.3727087676525116, 0.342973530292511]}