{"loss": [0.053924791514873505, 0.05316955968737602, 0.03459404781460762, 0.02879059873521328, 0.024763328954577446, 0.018312757834792137, 0.01689472235739231, 0.014069133438169956, 0.011179263703525066, 0.012424804270267487, 0.009303759783506393, 0.012559808790683746, 0.008673452772200108, 0.010896328836679459, 0.008967194706201553, 0.009325179271399975, 0.011643431149423122, 0.00993832852691412, 0.011131701990962029, 0.00971890240907669, 0.008069762028753757, 0.013277840800583363, 0.008650466799736023, 0.010211275890469551, 0.009543475694954395, 0.009977087378501892, 0.011199687607586384, 0.013230991549789906, 0.012497380375862122, 0.010995641350746155], "accuracy": [0.997045636177063, 0.9963834285736084, 0.9967400431632996, 0.9967909455299377, 0.9969437718391418, 0.9978097081184387, 0.9974021911621094, 0.9978606104850769, 0.998013436794281, 0.9979625344276428, 0.9981153011322021, 0.9979625344276428, 0.9981662631034851, 0.9977078437805176, 0.9979115724563599, 0.9976568818092346, 0.9975550174713135, 0.9978097081184387, 0.9971984624862671, 0.9977587461471558, 0.9979115724563599, 0.9972493648529053, 0.9977587461471558, 0.9975550174713135, 0.9976568818092346, 0.9976059198379517, 0.9969437718391418, 0.9971475005149841, 0.997096598148346, 0.9973512887954712], "val_loss": [28.171655654907227, 17.806262969970703, 20.58345603942871, 21.427282333374023, 15.482658386230469, 24.31427001953125, 16.153255462646484, 17.763093948364258, 21.20517921447754, 17.546361923217773, 16.70423126220703, 15.961295127868652, 16.922849655151367, 20.558691024780273, 20.393054962158203, 21.49305534362793, 15.718024253845215, 14.043963432312012, 16.17875099182129, 15.9541654586792, 14.080798149108887, 14.233308792114258, 15.577720642089844, 19.008689880371094, 16.675434112548828, 16.018325805664062, 18.66908836364746, 18.82960319519043, 18.585351943969727, 14.828150749206543], "val_accuracy": [0.17474541068077087, 0.18859469890594482, 0.18737271428108215, 0.18696537613868713, 0.22851324081420898, 0.1918533593416214, 0.2305499017238617, 0.23340122401714325, 0.2048879861831665, 0.22932790219783783, 0.24073319137096405, 0.2562118172645569, 0.24969449639320374, 0.23177190124988556, 0.21832993626594543, 0.22729124128818512, 0.2729124128818512, 0.28309571743011475, 0.27209776639938354, 0.27413442730903625, 0.3079429864883423, 0.3197556138038635, 0.3010183274745941, 0.28879836201667786, 0.2879837155342102, 0.30875763297080994, 0.2680244445800781, 0.28716903924942017, 0.29775968194007874, 0.328309565782547]}