{"loss": [0.05950045585632324, 0.06495606899261475, 0.03523629531264305, 0.024030568078160286, 0.01907372660934925, 0.014107970520853996, 0.011703955940902233, 0.011923613026738167, 0.00952580850571394, 0.010908232070505619, 0.006698896177113056, 0.009609927423298359, 0.006953367032110691, 0.006968941073864698, 0.00583384046331048, 0.006640991661697626, 0.007224662695080042, 0.007927833124995232, 0.010594325140118599, 0.007169788237661123, 0.00981869362294674, 0.008423804305493832, 0.008295740932226181, 0.008343582972884178, 0.009485148824751377, 0.005281905643641949, 0.007401297800242901, 0.00758674181997776, 0.005691188387572765, 0.008052370510995388], "accuracy": [0.997045636177063, 0.9963834285736084, 0.997045636177063, 0.9976568818092346, 0.9978097081184387, 0.9981662631034851, 0.9984209537506104, 0.9981153011322021, 0.9981662631034851, 0.998064398765564, 0.9984718561172485, 0.9979625344276428, 0.9985228180885315, 0.9984718561172485, 0.9981153011322021, 0.9983190894126892, 0.9981153011322021, 0.998013436794281, 0.9976568818092346, 0.9983190894126892, 0.9979115724563599, 0.9981662631034851, 0.998013436794281, 0.9979625344276428, 0.9979115724563599, 0.9983699917793274, 0.9982172250747681, 0.998013436794281, 0.9983699917793274, 0.9981662631034851], "val_loss": [33.78188705444336, 19.527904510498047, 17.314701080322266, 17.707199096679688, 16.39805030822754, 16.723125457763672, 19.878826141357422, 17.72359848022461, 18.410531997680664, 17.482507705688477, 23.037425994873047, 16.811620712280273, 18.535785675048828, 15.669580459594727, 17.423988342285156, 16.492652893066406, 16.26917266845703, 21.59043312072754, 17.438716888427734, 20.833127975463867, 17.263099670410156, 15.168187141418457, 18.681732177734375, 16.24494743347168, 15.861010551452637, 19.830049514770508, 21.469310760498047, 16.724334716796875, 17.85334014892578, 17.82196617126465], "val_accuracy": [0.17474541068077087, 0.188187375664711, 0.20773930847644806, 0.20081466436386108, 0.22077393531799316, 0.2252545803785324, 0.20936863124370575, 0.22403258085250854, 0.21547861397266388, 0.2325865626335144, 0.19592668116092682, 0.27576375007629395, 0.23503054678440094, 0.26191446185112, 0.27576375007629395, 0.27372708916664124, 0.2753564119338989, 0.2545824944972992, 0.25580447912216187, 0.24562117457389832, 0.2932790219783783, 0.31649693846702576, 0.29450100660324097, 0.3136456310749054, 0.3079429864883423, 0.25539714097976685, 0.24439918994903564, 0.2912423610687256, 0.3030549883842468, 0.2993890047073364]}