{"loss": [0.05652347207069397, 0.057212382555007935, 0.024487588554620743, 0.021932527422904968, 0.016870679333806038, 0.014063767157495022, 0.013155248947441578, 0.013291718438267708, 0.011156740598380566, 0.008463202975690365, 0.007602014113217592, 0.00943979062139988, 0.009325425140559673, 0.007074791472405195, 0.005864787381142378, 0.006654387339949608, 0.005413132254034281, 0.007096038665622473, 0.00829233881086111, 0.007879436947405338, 0.006773867178708315, 0.009928993880748749, 0.007619666401296854, 0.007138194050639868, 0.009006742388010025, 0.008323727175593376, 0.008409823291003704, 0.008194932714104652, 0.007623889949172735, 0.008349771611392498], "accuracy": [0.997045636177063, 0.9967909455299377, 0.9976568818092346, 0.9976059198379517, 0.9978097081184387, 0.998013436794281, 0.9978097081184387, 0.9981153011322021, 0.998064398765564, 0.9986246824264526, 0.9983699917793274, 0.9977587461471558, 0.9984718561172485, 0.9984209537506104, 0.9986756443977356, 0.9983190894126892, 0.9986756443977356, 0.9979625344276428, 0.9979625344276428, 0.998064398765564, 0.9981662631034851, 0.9973512887954712, 0.9979625344276428, 0.9981153011322021, 0.9977078437805176, 0.9977587461471558, 0.9975550174713135, 0.9977587461471558, 0.9981662631034851, 0.998064398765564], "val_loss": [33.06987380981445, 17.616025924682617, 15.589517593383789, 15.780793190002441, 14.233983993530273, 20.92764663696289, 16.68231201171875, 23.706144332885742, 15.828376770019531, 14.316167831420898, 17.299068450927734, 14.319381713867188, 16.53691864013672, 15.191582679748535, 16.708839416503906, 14.361602783203125, 18.8072452545166, 20.30714225769043, 16.383956909179688, 16.24549674987793, 16.697315216064453, 16.104955673217773, 19.2747859954834, 15.7109375, 12.702021598815918, 17.202377319335938, 18.000389099121094, 21.695192337036133, 14.441579818725586, 15.935652732849121], "val_accuracy": [0.17474541068077087, 0.1902240365743637, 0.20448064804077148, 0.20814664661884308, 0.221588596701622, 0.21262729167938232, 0.2232179194688797, 0.2085539698600769, 0.25743380188941956, 0.27617108821868896, 0.24969449639320374, 0.2635437846183777, 0.26109978556632996, 0.28839102387428284, 0.27983707189559937, 0.2879837155342102, 0.25906312465667725, 0.26109978556632996, 0.29775968194007874, 0.28146639466285706, 0.295723021030426, 0.2912423610687256, 0.2843177318572998, 0.3132382929325104, 0.3503054976463318, 0.29775968194007874, 0.27983707189559937, 0.2598778009414673, 0.3482688367366791, 0.33319756388664246]}