{"loss": [0.6408545970916748, 0.48202234506607056, 0.4378121793270111, 0.43550950288772583, 0.4180660545825958, 0.40118736028671265, 0.40628331899642944, 0.394924521446228, 0.3959173858165741, 0.3931695818901062, 0.4055963456630707, 0.40268948674201965, 0.39115849137306213, 0.39822956919670105, 0.39007556438446045, 0.3833960294723511, 0.3870740830898285, 0.3958843946456909, 0.3905518651008606, 0.3942245543003082, 0.39775848388671875, 0.3880085349082947, 0.41075995564460754, 0.40441420674324036, 0.399272084236145, 0.38260242342948914, 0.3989729881286621, 0.4031258523464203, 0.3957448899745941, 0.4059446454048157], "accuracy": [0.784127950668335, 0.8462713956832886, 0.863386332988739, 0.8683781623840332, 0.8784127831459045, 0.8830480575561523, 0.8842196464538574, 0.8849837183952332, 0.8873777389526367, 0.8906886577606201, 0.8928280472755432, 0.891758382320404, 0.8951202034950256, 0.8970558047294617, 0.8979727029800415, 0.8997554779052734, 0.9016401767730713, 0.8995007872581482, 0.9011817574501038, 0.9015892148017883, 0.901385486125946, 0.9042888879776001, 0.900468647480011, 0.9044417142868042, 0.9057151675224304, 0.9051039218902588, 0.9065811038017273, 0.9051039218902588, 0.9052567481994629, 0.904390811920166], "val_loss": [0.45810845494270325, 0.5536559820175171, 0.4249672293663025, 0.41460609436035156, 0.4183157682418823, 0.40696752071380615, 0.39496472477912903, 0.3977815806865692, 0.38755330443382263, 0.40688952803611755, 0.47402310371398926, 0.5251253247261047, 0.5045614838600159, 0.40300485491752625, 0.36855190992355347, 0.44366970658302307, 0.5093186497688293, 0.5623592138290405, 0.4729160964488983, 0.4676775634288788, 0.5349050760269165, 0.49748754501342773, 0.43261629343032837, 0.5786063075065613, 0.5251604318618774, 0.4237203299999237, 0.4835675060749054, 0.525982677936554, 0.500680148601532, 0.4348812699317932], "val_accuracy": [0.8476578593254089, 0.8338085412979126, 0.8708757758140564, 0.8761710524559021, 0.8782077431678772, 0.8798370957374573, 0.8940936923027039, 0.8900203704833984, 0.8969449996948242, 0.8985743522644043, 0.8806517124176025, 0.8716904520988464, 0.8733197450637817, 0.8940936923027039, 0.9054989814758301, 0.8969449996948242, 0.8814663887023926, 0.8757637739181519, 0.8900203704833984, 0.8924643397331238, 0.8867617249488831, 0.8794297575950623, 0.8989816904067993, 0.8822810649871826, 0.8843176960945129, 0.8989816904067993, 0.8887983560562134, 0.885947048664093, 0.8908350467681885, 0.8985743522644043]}