{"loss": [0.05909259617328644, 0.05723852291703224, 0.02503998950123787, 0.02134927548468113, 0.02023540996015072, 0.015632156282663345, 0.017544979229569435, 0.0212244912981987, 0.014245199970901012, 0.011388747952878475, 0.012249710038304329, 0.011240345425903797, 0.00884981919080019, 0.008701608516275883, 0.00875829253345728, 0.006651551928371191, 0.008779024705290794, 0.008073743432760239, 0.00886072963476181, 0.007964789867401123, 0.008242637850344181, 0.008797761052846909, 0.008269203826785088, 0.00833732821047306, 0.011167071759700775, 0.009084726683795452, 0.009042976424098015, 0.012015990912914276, 0.009362483397126198, 0.011399376206099987], "accuracy": [0.9969437718391418, 0.9965872168540955, 0.9974021911621094, 0.9975040555000305, 0.9975550174713135, 0.9978606104850769, 0.9976568818092346, 0.9974531531333923, 0.9978606104850769, 0.9981662631034851, 0.998064398765564, 0.9982681274414062, 0.9981662631034851, 0.998064398765564, 0.998064398765564, 0.9981662631034851, 0.998013436794281, 0.9983699917793274, 0.9978606104850769, 0.9979115724563599, 0.9977078437805176, 0.9975550174713135, 0.998064398765564, 0.9978097081184387, 0.9977587461471558, 0.9976059198379517, 0.9974021911621094, 0.9976059198379517, 0.9975040555000305, 0.9978097081184387], "val_loss": [31.12006187438965, 16.173931121826172, 17.547771453857422, 19.529001235961914, 20.867916107177734, 22.516386032104492, 25.92140769958496, 16.730588912963867, 16.053804397583008, 15.423110961914062, 16.137348175048828, 17.13351821899414, 14.645404815673828, 14.957780838012695, 20.355051040649414, 17.358558654785156, 13.347088813781738, 16.04703712463379, 17.579723358154297, 13.959677696228027, 14.870203971862793, 16.555143356323242, 15.844866752624512, 16.295658111572266, 15.489221572875977, 13.802350044250488, 19.682676315307617, 13.572454452514648, 15.095151901245117, 17.12559700012207], "val_accuracy": [0.17474541068077087, 0.19470468163490295, 0.19470468163490295, 0.19714868068695068, 0.19307535886764526, 0.2085539698600769, 0.188187375664711, 0.23584520816802979, 0.24643585085868835, 0.261507123708725, 0.2578411400318146, 0.26639512181282043, 0.2855397164821625, 0.2676171064376831, 0.22484725713729858, 0.2545824944972992, 0.3059063255786896, 0.280651718378067, 0.25947046279907227, 0.3095723092556, 0.3103869557380676, 0.2993890047073364, 0.30142566561698914, 0.3067209720611572, 0.31242361664772034, 0.3344195485115051, 0.2578411400318146, 0.3576374650001526, 0.3266802430152893, 0.3030549883842468]}