{"loss": [0.051530323922634125, 0.05880866199731827, 0.03037753514945507, 0.02556869573891163, 0.021425409242510796, 0.01482547540217638, 0.015916606411337852, 0.012589233927428722, 0.01138324849307537, 0.011266594752669334, 0.015040496364235878, 0.010568688623607159, 0.008570512756705284, 0.012253876775503159, 0.01129271648824215, 0.010106170549988747, 0.00804191455245018, 0.007672853302210569, 0.008269883692264557, 0.010335849598050117, 0.007452801335602999, 0.007315594702959061, 0.011127441190183163, 0.009271020069718361, 0.009013107977807522, 0.009564824402332306, 0.010136895813047886, 0.009163799695670605, 0.009519104845821857, 0.011211445555090904], "accuracy": [0.9971475005149841, 0.9963834285736084, 0.9971475005149841, 0.9969437718391418, 0.9971984624862671, 0.9977587461471558, 0.9975040555000305, 0.9978606104850769, 0.998064398765564, 0.9978606104850769, 0.9969437718391418, 0.9978097081184387, 0.9984718561172485, 0.9976059198379517, 0.9981153011322021, 0.998064398765564, 0.998013436794281, 0.998013436794281, 0.9978606104850769, 0.9977587461471558, 0.998064398765564, 0.9977587461471558, 0.9979625344276428, 0.9978606104850769, 0.9974531531333923, 0.9978097081184387, 0.9975040555000305, 0.9977078437805176, 0.9976568818092346, 0.9971984624862671], "val_loss": [30.407468795776367, 18.330461502075195, 17.469369888305664, 21.50406265258789, 16.779617309570312, 17.26792335510254, 19.628084182739258, 16.343109130859375, 20.72372817993164, 20.195756912231445, 15.322011947631836, 16.42100715637207, 24.026540756225586, 16.873584747314453, 17.198299407958984, 18.887414932250977, 17.97197914123535, 16.99005126953125, 14.847761154174805, 16.861886978149414, 17.941381454467773, 14.927740097045898, 13.940744400024414, 16.180635452270508, 15.137044906616211, 17.477792739868164, 18.23932456970215, 13.324654579162598, 14.585258483886719, 15.39556884765625], "val_accuracy": [0.17474541068077087, 0.18533605337142944, 0.18778003752231598, 0.18370671570301056, 0.2069246470928192, 0.2101832926273346, 0.18737271428108215, 0.23828920722007751, 0.1955193430185318, 0.20325864851474762, 0.2452138513326645, 0.23543788492679596, 0.19144602119922638, 0.25213849544525146, 0.2505091726779938, 0.21303462982177734, 0.2545824944972992, 0.2505091726779938, 0.27780041098594666, 0.2643584609031677, 0.27372708916664124, 0.29613035917282104, 0.30875763297080994, 0.3209775984287262, 0.314052939414978, 0.2896130383014679, 0.27617108821868896, 0.3486761748790741, 0.3340122103691101, 0.31242361664772034]}