{"loss": [0.05171448737382889, 0.05564390495419502, 0.03898200765252113, 0.02487831935286522, 0.01867321878671646, 0.017757462337613106, 0.022281207144260406, 0.011816059239208698, 0.011082994751632214, 0.013012878596782684, 0.013147716410458088, 0.010613969527184963, 0.011054759845137596, 0.010104674845933914, 0.009875756688416004, 0.0076463064178824425, 0.009336614981293678, 0.009020425379276276, 0.009222003631293774, 0.01346362754702568, 0.007416801992803812, 0.010604128241539001, 0.007010466884821653, 0.006811975967139006, 0.006963806226849556, 0.008788821287453175, 0.006770546548068523, 0.0057858251966536045, 0.009748879820108414, 0.009176322259008884], "accuracy": [0.9971475005149841, 0.9963834285736084, 0.9965362548828125, 0.9973003268241882, 0.9976568818092346, 0.9974531531333923, 0.9971984624862671, 0.998064398765564, 0.9981153011322021, 0.998064398765564, 0.9976568818092346, 0.9979115724563599, 0.9977587461471558, 0.9976059198379517, 0.9979115724563599, 0.9978606104850769, 0.9975550174713135, 0.9974531531333923, 0.9977078437805176, 0.9969437718391418, 0.9977587461471558, 0.9971984624862671, 0.9976059198379517, 0.9979625344276428, 0.9978097081184387, 0.9979115724563599, 0.9977078437805176, 0.998064398765564, 0.9975040555000305, 0.9973512887954712], "val_loss": [27.71418571472168, 19.363693237304688, 16.4660587310791, 16.87896156311035, 23.00715446472168, 21.086000442504883, 15.206184387207031, 17.70197868347168, 20.544118881225586, 19.35546112060547, 17.204172134399414, 14.906243324279785, 13.478909492492676, 18.29607582092285, 16.925888061523438, 23.326108932495117, 19.482479095458984, 18.58433723449707, 16.77345085144043, 15.812291145324707, 16.41615104675293, 17.7376708984375, 15.911736488342285, 16.97637367248535, 14.086030006408691, 14.757143020629883, 16.379152297973633, 17.904905319213867, 15.724024772644043, 16.645099639892578], "val_accuracy": [0.17474541068077087, 0.18492871522903442, 0.19429735839366913, 0.20081466436386108, 0.18126273155212402, 0.18940937519073486, 0.23665988445281982, 0.21629327535629272, 0.2195519357919693, 0.23136456310749054, 0.24317719042301178, 0.27006110548973083, 0.3046843111515045, 0.24195519089698792, 0.26109978556632996, 0.20407332479953766, 0.21629327535629272, 0.23177190124988556, 0.27983707189559937, 0.2826883792877197, 0.26313644647598267, 0.2472505122423172, 0.2745417654514313, 0.29246434569358826, 0.3103869557380676, 0.3120162785053253, 0.27006110548973083, 0.2790223956108093, 0.3136456310749054, 0.29450100660324097]}