{"loss": [0.05616561323404312, 0.06000155583024025, 0.029115447774529457, 0.019546890631318092, 0.016406923532485962, 0.011568711139261723, 0.01196966227144003, 0.009390066377818584, 0.010543803684413433, 0.006984645966440439, 0.007777283899486065, 0.009856240823864937, 0.007846063002943993, 0.006638844031840563, 0.0063321879133582115, 0.00972637627273798, 0.007261811755597591, 0.007109025493264198, 0.004652686417102814, 0.008734439499676228, 0.007793075405061245, 0.005489662755280733, 0.012446570210158825, 0.007638494484126568, 0.008883746340870857, 0.008744453079998493, 0.006816376466304064, 0.009852000512182713, 0.006999308709055185, 0.007258657831698656], "accuracy": [0.997096598148346, 0.9962815642356873, 0.9974531531333923, 0.9979115724563599, 0.9977587461471558, 0.998013436794281, 0.9979115724563599, 0.998013436794281, 0.9979115724563599, 0.9982681274414062, 0.9982172250747681, 0.9976059198379517, 0.9983699917793274, 0.9986246824264526, 0.9982681274414062, 0.9978606104850769, 0.998013436794281, 0.9978097081184387, 0.9983699917793274, 0.998013436794281, 0.9979625344276428, 0.9983699917793274, 0.9971475005149841, 0.9979115724563599, 0.9978606104850769, 0.9979115724563599, 0.9979625344276428, 0.9978097081184387, 0.9978606104850769, 0.9978606104850769], "val_loss": [30.171464920043945, 18.89262580871582, 15.340777397155762, 14.5543212890625, 19.565162658691406, 17.17363739013672, 15.127466201782227, 17.901973724365234, 16.004064559936523, 19.11469078063965, 23.315631866455078, 21.431198120117188, 21.818540573120117, 15.15237045288086, 18.197477340698242, 15.030854225158691, 15.702410697937012, 14.534152030944824, 19.35613250732422, 15.743858337402344, 15.072282791137695, 17.244691848754883, 18.582521438598633, 21.3861141204834, 23.979089736938477, 15.639089584350586, 13.776453971862793, 16.994754791259766, 16.696571350097656, 14.973599433898926], "val_accuracy": [0.17474541068077087, 0.18492871522903442, 0.20000000298023224, 0.19674134254455566, 0.188187375664711, 0.2101832926273346, 0.22769857943058014, 0.22810590267181396, 0.23828920722007751, 0.20977596938610077, 0.19470468163490295, 0.2179226130247116, 0.2195519357919693, 0.2802444100379944, 0.24806517362594604, 0.2863543927669525, 0.2936863601207733, 0.2920570373535156, 0.29775968194007874, 0.2802444100379944, 0.2936863601207733, 0.26476576924324036, 0.2692464292049408, 0.23299388587474823, 0.2399185299873352, 0.3173116147518158, 0.3299388885498047, 0.3083502948284149, 0.3083502948284149, 0.343380868434906]}