{"loss": [0.1345032900571823, 0.20174308121204376, 0.11009272187948227, 0.0749754086136818, 0.04135109484195709, 0.05874287337064743, 0.04575234651565552, 0.042645055800676346, 0.06108928471803665, 0.04793698340654373, 0.04465204477310181, 0.03786877915263176, 0.05504265055060387, 0.0534968301653862, 0.05167881026864052, 0.05687754601240158, 0.07120610773563385, 0.05952802300453186, 0.05095377191901207, 0.07471045106649399, 0.05064411833882332, 0.06618279963731766, 0.0497027151286602, 0.06400567293167114, 0.07905145734548569, 0.08116873353719711, 0.07062637060880661, 0.0682777464389801, 0.06356994062662125, 0.07895637303590775], "accuracy": [0.997045636177063, 0.996026873588562, 0.9971984624862671, 0.9974021911621094, 0.998013436794281, 0.9974531531333923, 0.9975550174713135, 0.9975550174713135, 0.997045636177063, 0.9973512887954712, 0.9977078437805176, 0.9975040555000305, 0.9971475005149841, 0.9971984624862671, 0.9973512887954712, 0.9972493648529053, 0.9965872168540955, 0.9968928098678589, 0.997045636177063, 0.9964343905448914, 0.997096598148346, 0.9968419075012207, 0.9971984624862671, 0.9968419075012207, 0.9963834285736084, 0.9964343905448914, 0.9965362548828125, 0.9966381192207336, 0.9965872168540955, 0.9959250092506409], "val_loss": [87.8733901977539, 65.36238861083984, 44.10612106323242, 30.25546646118164, 29.959386825561523, 36.63689041137695, 35.40653991699219, 43.0604133605957, 38.50132751464844, 45.819881439208984, 42.97026443481445, 54.36979293823242, 53.140140533447266, 40.39267349243164, 51.89580535888672, 61.464759826660156, 43.128631591796875, 43.788169860839844, 56.931732177734375, 48.58608627319336, 56.43410873413086, 42.218990325927734, 43.41727066040039, 48.4558219909668, 60.459716796875, 60.41816329956055, 39.744266510009766, 45.81935501098633, 51.667293548583984, 54.02236557006836], "val_accuracy": [0.17474541068077087, 0.17474541068077087, 0.17637474834918976, 0.1955193430185318, 0.19592668116092682, 0.18859469890594482, 0.1991853415966034, 0.19063135981559753, 0.20325864851474762, 0.18737271428108215, 0.1934826821088791, 0.1845213919878006, 0.18370671570301056, 0.21099796891212463, 0.18696537613868713, 0.18533605337142944, 0.21629327535629272, 0.2138492912054062, 0.18900203704833984, 0.20000000298023224, 0.1934826821088791, 0.22484725713729858, 0.22403258085250854, 0.20977596938610077, 0.19592668116092682, 0.19511201977729797, 0.25539714097976685, 0.23462322354316711, 0.21547861397266388, 0.21629327535629272]}