{"loss": [0.11815687268972397, 0.1957084834575653, 0.11198558658361435, 0.06734248250722885, 0.059199750423431396, 0.04529684782028198, 0.05178660899400711, 0.06745602935552597, 0.05324966087937355, 0.04104498773813248, 0.038435641676187515, 0.038020797073841095, 0.04255000874400139, 0.037214186042547226, 0.04686494171619415, 0.05602103844285011, 0.04565058648586273, 0.04843316599726677, 0.050173744559288025, 0.04552588611841202, 0.05251671001315117, 0.05317565053701401, 0.05828692764043808, 0.045148611068725586, 0.0690985769033432, 0.05354851856827736, 0.0475955568253994, 0.06180525943636894, 0.061277829110622406, 0.059457071125507355], "accuracy": [0.9971984624862671, 0.9961287975311279, 0.997045636177063, 0.9979115724563599, 0.9977078437805176, 0.9981153011322021, 0.9977078437805176, 0.997045636177063, 0.9976059198379517, 0.9979625344276428, 0.9979115724563599, 0.9979115724563599, 0.9977078437805176, 0.9978097081184387, 0.9977587461471558, 0.9974531531333923, 0.9977078437805176, 0.9975040555000305, 0.9974021911621094, 0.9975040555000305, 0.9973512887954712, 0.997096598148346, 0.9968928098678589, 0.9973003268241882, 0.9968419075012207, 0.9973003268241882, 0.9976059198379517, 0.9967400431632996, 0.9969437718391418, 0.9968928098678589], "val_loss": [79.5479507446289, 59.601036071777344, 52.5699348449707, 38.17854690551758, 29.53622055053711, 30.045875549316406, 34.04790115356445, 31.532001495361328, 32.04654312133789, 36.72181701660156, 27.005435943603516, 27.965564727783203, 26.215713500976562, 43.74838638305664, 31.103872299194336, 24.691858291625977, 31.285511016845703, 34.44419479370117, 25.8082218170166, 25.52726173400879, 29.80086326599121, 28.348447799682617, 31.344388961791992, 36.02523422241211, 30.068803787231445, 29.911325454711914, 32.867279052734375, 33.28895568847656, 40.998046875, 34.33903884887695], "val_accuracy": [0.17474541068077087, 0.17474541068077087, 0.17474541068077087, 0.18574337661266327, 0.20733197033405304, 0.19063135981559753, 0.19511201977729797, 0.19307535886764526, 0.21059063076972961, 0.19796334207057953, 0.23136456310749054, 0.22851324081420898, 0.22851324081420898, 0.1845213919878006, 0.22647657990455627, 0.2582484781742096, 0.23869653046131134, 0.22240325808525085, 0.2745417654514313, 0.27006110548973083, 0.2525458335876465, 0.2688390910625458, 0.24439918994903564, 0.23503054678440094, 0.2655804455280304, 0.26843178272247314, 0.26313644647598267, 0.2578411400318146, 0.23503054678440094, 0.262321799993515]}