{"loss": [0.0570569783449173, 0.05982349440455437, 0.036778297275304794, 0.0253542959690094, 0.016479138284921646, 0.011789554730057716, 0.01541629247367382, 0.009602554142475128, 0.010378642939031124, 0.010838888585567474, 0.009474489837884903, 0.011686384677886963, 0.00748420599848032, 0.007869248278439045, 0.007036782801151276, 0.006909622345119715, 0.006397137884050608, 0.006309718359261751, 0.005156763829290867, 0.005974975414574146, 0.006333946716040373, 0.007370952516794205, 0.010112391784787178, 0.008813262917101383, 0.007948699407279491, 0.006297999527305365, 0.007131582126021385, 0.007777217775583267, 0.008401844650506973, 0.006730734836310148], "accuracy": [0.997096598148346, 0.9965872168540955, 0.997045636177063, 0.9973003268241882, 0.9979115724563599, 0.9983190894126892, 0.9979625344276428, 0.9984209537506104, 0.9982172250747681, 0.9979115724563599, 0.998064398765564, 0.9976568818092346, 0.9984209537506104, 0.9984209537506104, 0.998064398765564, 0.9981153011322021, 0.9981662631034851, 0.9981153011322021, 0.9983699917793274, 0.9982681274414062, 0.998064398765564, 0.9982681274414062, 0.9976568818092346, 0.9976059198379517, 0.9976568818092346, 0.9983699917793274, 0.998064398765564, 0.9979625344276428, 0.9981662631034851, 0.9981153011322021], "val_loss": [32.36663818359375, 21.526330947875977, 17.541866302490234, 16.980712890625, 14.596147537231445, 20.33906364440918, 14.937237739562988, 15.93297004699707, 21.355318069458008, 16.64223861694336, 16.78343963623047, 17.81928062438965, 15.040131568908691, 16.0168399810791, 13.186013221740723, 15.682232856750488, 18.052967071533203, 15.470330238342285, 15.867314338684082, 21.55246353149414, 16.733579635620117, 19.409202575683594, 22.184175491333008, 16.2134952545166, 13.570048332214355, 25.610515594482422, 17.717967987060547, 17.650671005249023, 18.35455322265625, 16.70144271850586], "val_accuracy": [0.17474541068077087, 0.1824847310781479, 0.19226069748401642, 0.19837066531181335, 0.21629327535629272, 0.1991853415966034, 0.23095722496509552, 0.22281059622764587, 0.19877800345420837, 0.2232179194688797, 0.2305499017238617, 0.23910386860370636, 0.2541751563549042, 0.24806517362594604, 0.2769857347011566, 0.26313644647598267, 0.2545824944972992, 0.26313644647598267, 0.2786150574684143, 0.23706720769405365, 0.2782077491283417, 0.2602851390838623, 0.22606924176216125, 0.29042768478393555, 0.3250509202480316, 0.24073319137096405, 0.2916496992111206, 0.3022403120994568, 0.28472504019737244, 0.3067209720611572]}