{"loss": [0.13489307463169098, 0.21524545550346375, 0.12764625251293182, 0.0712873712182045, 0.08179140836000443, 0.051186688244342804, 0.05893820524215698, 0.04352265223860741, 0.04251794144511223, 0.04972182586789131, 0.04328359663486481, 0.03673537075519562, 0.04488697648048401, 0.04206836223602295, 0.044174131006002426, 0.05197140946984291, 0.05330295488238335, 0.04114995896816254, 0.03769820183515549, 0.054955486208200455, 0.05413460358977318, 0.04643360897898674, 0.04700211063027382, 0.04102072864770889, 0.0474059134721756, 0.05011806637048721, 0.04663298279047012, 0.06288280338048935, 0.05232617259025574, 0.049800168722867966], "accuracy": [0.9971475005149841, 0.9958741068840027, 0.9967909455299377, 0.9976059198379517, 0.9973003268241882, 0.9979625344276428, 0.9977078437805176, 0.9979625344276428, 0.9981153011322021, 0.9978097081184387, 0.9977078437805176, 0.9981662631034851, 0.9975550174713135, 0.9977078437805176, 0.9976568818092346, 0.9974531531333923, 0.9974021911621094, 0.9976568818092346, 0.998013436794281, 0.9974531531333923, 0.9974021911621094, 0.9977587461471558, 0.9976568818092346, 0.9977587461471558, 0.9974531531333923, 0.9974021911621094, 0.9975550174713135, 0.997096598148346, 0.9971475005149841, 0.9974531531333923], "val_loss": [85.87858581542969, 59.16107940673828, 42.40031051635742, 30.564441680908203, 40.13059997558594, 24.959590911865234, 30.318912506103516, 31.652437210083008, 27.12364387512207, 38.1544303894043, 29.222978591918945, 37.041141510009766, 29.69659423828125, 26.629390716552734, 44.404884338378906, 35.87020492553711, 32.53561782836914, 24.487211227416992, 24.605377197265625, 28.082752227783203, 37.451194763183594, 29.774133682250977, 35.219703674316406, 33.2509765625, 36.29922103881836, 36.81342697143555, 32.317039489746094, 35.12397766113281, 30.976428985595703, 39.1504020690918], "val_accuracy": [0.17474541068077087, 0.17474541068077087, 0.18411405384540558, 0.188187375664711, 0.18370671570301056, 0.21425661444664001, 0.20203666388988495, 0.2101832926273346, 0.2158859521150589, 0.19266802072525024, 0.221181258559227, 0.19633401930332184, 0.21914459764957428, 0.23706720769405365, 0.18900203704833984, 0.21262729167938232, 0.22240325808525085, 0.26313644647598267, 0.2602851390838623, 0.2672097682952881, 0.21629327535629272, 0.24969449639320374, 0.23869653046131134, 0.2435845285654068, 0.2525458335876465, 0.22769857943058014, 0.25580447912216187, 0.2399185299873352, 0.2729124128818512, 0.24114052951335907]}