{"loss": [0.05567711964249611, 0.058833587914705276, 0.03794607147574425, 0.030164549127221107, 0.028992803767323494, 0.02514161728322506, 0.01753130741417408, 0.01861468143761158, 0.015785347670316696, 0.011491790413856506, 0.014942752197384834, 0.01040824968367815, 0.009394846856594086, 0.011021456681191921, 0.007604310754686594, 0.01278864499181509, 0.006313365418463945, 0.009783822111785412, 0.007581865414977074, 0.0032237113919109106, 0.00991642102599144, 0.006566115189343691, 0.010547165758907795, 0.005396728869527578, 0.010772577486932278, 0.006799065973609686, 0.007421416696161032, 0.01256939209997654, 0.007778051309287548, 0.009543799795210361], "accuracy": [0.997045636177063, 0.9963834285736084, 0.9966381192207336, 0.9969437718391418, 0.997045636177063, 0.9971475005149841, 0.9977587461471558, 0.9973512887954712, 0.9979115724563599, 0.9982172250747681, 0.9978097081184387, 0.9982172250747681, 0.9984718561172485, 0.9976568818092346, 0.9982681274414062, 0.9974021911621094, 0.9984209537506104, 0.998064398765564, 0.9984209537506104, 0.998981237411499, 0.998013436794281, 0.9981662631034851, 0.9976059198379517, 0.9981662631034851, 0.9978606104850769, 0.9979625344276428, 0.9979115724563599, 0.9973512887954712, 0.9979625344276428, 0.9978097081184387], "val_loss": [30.922565460205078, 21.341796875, 16.520294189453125, 18.038692474365234, 17.011545181274414, 17.446002960205078, 17.295804977416992, 17.683969497680664, 16.45991325378418, 24.714752197265625, 22.221529006958008, 18.22833251953125, 19.040142059326172, 20.30060386657715, 28.16220474243164, 17.393447875976562, 18.542661666870117, 13.519811630249023, 17.519826889038086, 18.628671646118164, 13.452913284301758, 18.48055076599121, 15.189983367919922, 14.278904914855957, 16.238771438598633, 20.069664001464844, 17.94083023071289, 15.685105323791504, 20.159513473510742, 14.060224533081055], "val_accuracy": [0.17474541068077087, 0.18126273155212402, 0.1991853415966034, 0.20162932574748993, 0.2232179194688797, 0.21344195306301117, 0.21832993626594543, 0.21670061349868774, 0.23869653046131134, 0.19796334207057953, 0.20081466436386108, 0.24073319137096405, 0.22240325808525085, 0.23299388587474823, 0.1898166984319687, 0.2492871731519699, 0.24073319137096405, 0.2863543927669525, 0.2415478676557541, 0.2562118172645569, 0.3026476502418518, 0.24765783548355103, 0.28676170110702515, 0.31079429388046265, 0.2973523437976837, 0.2488798350095749, 0.28839102387428284, 0.32912424206733704, 0.28716903924942017, 0.3393075466156006]}