{"loss": [0.05351553112268448, 0.05660122260451317, 0.026860639452934265, 0.023304395377635956, 0.014010576531291008, 0.012261590920388699, 0.010596207343041897, 0.01033088844269514, 0.010466892272233963, 0.00847551692277193, 0.006742800585925579, 0.007473938632756472, 0.007554562762379646, 0.009454425424337387, 0.010185488499701023, 0.009042371064424515, 0.007210106588900089, 0.006915968377143145, 0.012412220239639282, 0.007054230198264122, 0.006847286596894264, 0.007737813517451286, 0.007030860986560583, 0.007989464327692986, 0.008925098925828934, 0.008552834391593933, 0.008479422889649868, 0.008177845738828182, 0.008578207343816757, 0.0106784263625741], "accuracy": [0.997096598148346, 0.9964853525161743, 0.9974021911621094, 0.9975040555000305, 0.9981662631034851, 0.9981153011322021, 0.9983190894126892, 0.9982681274414062, 0.9979625344276428, 0.9981153011322021, 0.9984209537506104, 0.9982172250747681, 0.9981662631034851, 0.9979115724563599, 0.9975040555000305, 0.9979625344276428, 0.9981662631034851, 0.9981662631034851, 0.9976568818092346, 0.998013436794281, 0.998064398765564, 0.9976568818092346, 0.9979115724563599, 0.9978606104850769, 0.998013436794281, 0.9978097081184387, 0.9978097081184387, 0.9977078437805176, 0.9976568818092346, 0.9973512887954712], "val_loss": [28.479894638061523, 18.34332275390625, 15.612361907958984, 20.712810516357422, 15.73770523071289, 18.250709533691406, 16.167282104492188, 21.503450393676758, 14.836766242980957, 21.595788955688477, 16.4573974609375, 21.430755615234375, 14.851462364196777, 28.994314193725586, 15.52135944366455, 14.26885986328125, 17.419647216796875, 15.57905101776123, 15.89813232421875, 14.834768295288086, 14.34123420715332, 16.996885299682617, 20.507999420166016, 13.757600784301758, 16.531034469604492, 15.90902328491211, 15.44907283782959, 12.319624900817871, 15.01837158203125, 15.679716110229492], "val_accuracy": [0.17474541068077087, 0.18655803799629211, 0.18900203704833984, 0.1828920543193817, 0.2028513252735138, 0.19592668116092682, 0.21995927393436432, 0.19429735839366913, 0.23543788492679596, 0.18778003752231598, 0.22769857943058014, 0.2175152748823166, 0.25947046279907227, 0.20529530942440033, 0.26109978556632996, 0.29083502292633057, 0.2635437846183777, 0.27780041098594666, 0.27983707189559937, 0.2912423610687256, 0.3103869557380676, 0.27739307284355164, 0.23706720769405365, 0.3156822919845581, 0.2859470546245575, 0.3006109893321991, 0.3022403120994568, 0.36822810769081116, 0.3169042766094208, 0.3083502948284149]}