{"loss": [0.054241444915533066, 0.05924084782600403, 0.03204817697405815, 0.025511154904961586, 0.02593357302248478, 0.022526022046804428, 0.013899547047913074, 0.01225198246538639, 0.009307335130870342, 0.008671773597598076, 0.008638097904622555, 0.008492114953696728, 0.00897758174687624, 0.006776307709515095, 0.00710807042196393, 0.00908172968775034, 0.007889805361628532, 0.009178751148283482, 0.009418504312634468, 0.0065895733423531055, 0.00851449090987444, 0.007310396991670132, 0.014127468690276146, 0.01000955794006586, 0.010173491202294827, 0.00920905452221632, 0.008503498509526253, 0.010049178265035152, 0.01046721264719963, 0.008596708998084068], "accuracy": [0.9971475005149841, 0.9963834285736084, 0.9971475005149841, 0.9972493648529053, 0.9969437718391418, 0.997096598148346, 0.9979625344276428, 0.998013436794281, 0.9981153011322021, 0.9983699917793274, 0.9983699917793274, 0.9984209537506104, 0.9982172250747681, 0.9983190894126892, 0.9984209537506104, 0.9979625344276428, 0.998064398765564, 0.9979625344276428, 0.9977587461471558, 0.9982681274414062, 0.9977078437805176, 0.9981153011322021, 0.9973512887954712, 0.9977587461471558, 0.9975040555000305, 0.9977078437805176, 0.9978097081184387, 0.9977587461471558, 0.9975040555000305, 0.9978097081184387], "val_loss": [30.51241111755371, 15.905138969421387, 17.524171829223633, 17.849369049072266, 18.137922286987305, 20.888059616088867, 15.40044116973877, 18.53523826599121, 20.701120376586914, 19.009090423583984, 18.018775939941406, 19.58210563659668, 15.667076110839844, 13.177419662475586, 18.462326049804688, 14.149030685424805, 13.88447380065918, 14.784506797790527, 15.419861793518066, 16.464462280273438, 17.054174423217773, 17.52823829650879, 19.060537338256836, 15.702445983886719, 15.541240692138672, 15.2243013381958, 15.415800094604492, 15.360769271850586, 18.0198974609375, 19.988279342651367], "val_accuracy": [0.17474541068077087, 0.1991853415966034, 0.19063135981559753, 0.18859469890594482, 0.19633401930332184, 0.18859469890594482, 0.22199591994285583, 0.20610998570919037, 0.20325864851474762, 0.22403258085250854, 0.21344195306301117, 0.2158859521150589, 0.24602851271629333, 0.2859470546245575, 0.24236252903938293, 0.2802444100379944, 0.29409369826316833, 0.2863543927669525, 0.2712830901145935, 0.2672097682952881, 0.2769857347011566, 0.262321799993515, 0.2529531419277191, 0.3022403120994568, 0.30916497111320496, 0.31486761569976807, 0.3116089701652527, 0.3169042766094208, 0.2932790219783783, 0.295315682888031]}