{"loss": [0.12472092360258102, 0.20285451412200928, 0.12102018296718597, 0.06154703348875046, 0.05603595823049545, 0.044123899191617966, 0.040518637746572495, 0.04372477903962135, 0.06920874118804932, 0.05013864114880562, 0.051359985023736954, 0.03877027705311775, 0.04336079955101013, 0.04659153148531914, 0.04337415099143982, 0.041357338428497314, 0.04672784358263016, 0.0433659590780735, 0.051512714475393295, 0.04318377003073692, 0.05282152444124222, 0.05270183086395264, 0.05715755373239517, 0.05491572245955467, 0.07360882312059402, 0.04744706675410271, 0.04742588475346565, 0.06252424418926239, 0.05232944339513779, 0.05900949984788895], "accuracy": [0.997045636177063, 0.9959759712219238, 0.99699467420578, 0.9978097081184387, 0.9976568818092346, 0.9979115724563599, 0.9979115724563599, 0.998064398765564, 0.9971475005149841, 0.9974021911621094, 0.9977587461471558, 0.9981662631034851, 0.998064398765564, 0.9975550174713135, 0.9975040555000305, 0.9976568818092346, 0.9975550174713135, 0.9977078437805176, 0.9975040555000305, 0.9975550174713135, 0.99699467420578, 0.9971984624862671, 0.9971984624862671, 0.997045636177063, 0.9966890811920166, 0.9972493648529053, 0.9972493648529053, 0.9968928098678589, 0.9968419075012207, 0.997096598148346], "val_loss": [87.4461669921875, 57.44968032836914, 45.00041961669922, 36.021278381347656, 33.96138000488281, 29.15720558166504, 31.234283447265625, 40.14158248901367, 41.829612731933594, 33.19358444213867, 28.56954574584961, 39.28669357299805, 28.13715362548828, 37.07706069946289, 30.444250106811523, 28.350534439086914, 32.514617919921875, 36.12952423095703, 34.057247161865234, 36.43121337890625, 26.181493759155273, 35.19927215576172, 34.035369873046875, 32.72201919555664, 28.717741012573242, 36.989681243896484, 35.61857986450195, 38.60733413696289, 32.74134826660156, 37.46468734741211], "val_accuracy": [0.17474541068077087, 0.17474541068077087, 0.1751527488231659, 0.1792260706424713, 0.1934826821088791, 0.19633401930332184, 0.19144602119922638, 0.1828920543193817, 0.17841140925884247, 0.20529530942440033, 0.21914459764957428, 0.1955193430185318, 0.2415478676557541, 0.20529530942440033, 0.22443991899490356, 0.25336048007011414, 0.24480651319026947, 0.21629327535629272, 0.2415478676557541, 0.22769857943058014, 0.2863543927669525, 0.23543788492679596, 0.2549898028373718, 0.2529531419277191, 0.2769857347011566, 0.2513238191604614, 0.2582484781742096, 0.23299388587474823, 0.2782077491283417, 0.26191446185112]}