{"loss": [0.1284721940755844, 0.18873293697834015, 0.1447896957397461, 0.07198946923017502, 0.04795631393790245, 0.046091653406620026, 0.04795991629362106, 0.04061553254723549, 0.03381429985165596, 0.03646068274974823, 0.03656550496816635, 0.03816135600209236, 0.03787149861454964, 0.04028097540140152, 0.031206119805574417, 0.045705296099185944, 0.026719961315393448, 0.03577504679560661, 0.035492800176143646, 0.03554692491889, 0.047625117003917694, 0.030155157670378685, 0.043302200734615326, 0.04571369290351868, 0.05391011759638786, 0.058009322732686996, 0.040194056928157806, 0.055419761687517166, 0.04147164896130562, 0.059295061975717545], "accuracy": [0.9969437718391418, 0.9963325262069702, 0.9964343905448914, 0.9976059198379517, 0.9979625344276428, 0.998013436794281, 0.9978097081184387, 0.9979625344276428, 0.9982172250747681, 0.9978097081184387, 0.9979115724563599, 0.9975040555000305, 0.9977078437805176, 0.9979115724563599, 0.9979115724563599, 0.9976059198379517, 0.9979625344276428, 0.9977587461471558, 0.9979115724563599, 0.9977078437805176, 0.9974531531333923, 0.9979625344276428, 0.9973003268241882, 0.9973003268241882, 0.9968419075012207, 0.997045636177063, 0.9974021911621094, 0.997096598148346, 0.9972493648529053, 0.997096598148346], "val_loss": [84.48758697509766, 55.3637809753418, 44.92517852783203, 43.29288864135742, 41.32107925415039, 37.74406433105469, 26.875465393066406, 36.89432907104492, 31.800735473632812, 32.29481887817383, 33.566680908203125, 48.0973014831543, 34.91931915283203, 31.048198699951172, 50.734230041503906, 31.31344223022461, 34.171966552734375, 31.790719985961914, 28.186851501464844, 34.575618743896484, 31.24850845336914, 32.25179672241211, 28.866806030273438, 33.04241180419922, 49.781898498535156, 37.91398239135742, 39.03947830200195, 41.59059524536133, 39.630104064941406, 30.072364807128906], "val_accuracy": [0.17474541068077087, 0.17474541068077087, 0.1755600869655609, 0.17678207159042358, 0.1755600869655609, 0.1861507147550583, 0.20081466436386108, 0.18167005479335785, 0.1938900202512741, 0.19837066531181335, 0.19674134254455566, 0.17759674787521362, 0.21303462982177734, 0.20896130800247192, 0.18004073202610016, 0.2195519357919693, 0.2158859521150589, 0.24480651319026947, 0.2399185299873352, 0.2195519357919693, 0.24562117457389832, 0.27250510454177856, 0.26313644647598267, 0.24480651319026947, 0.20081466436386108, 0.23014256358146667, 0.24684317409992218, 0.2399185299873352, 0.25213849544525146, 0.2733197510242462]}