{"loss": [0.05321403220295906, 0.05911768600344658, 0.02587038092315197, 0.02448105253279209, 0.021761495620012283, 0.01485422719269991, 0.01765843853354454, 0.012054480612277985, 0.012048669159412384, 0.00962427631020546, 0.011345657519996166, 0.010321910493075848, 0.00981997698545456, 0.009067049250006676, 0.006530852057039738, 0.009688308462500572, 0.007386413402855396, 0.00888137798756361, 0.008798270486295223, 0.007676365319639444, 0.008559700101613998, 0.00785613153129816, 0.009487003087997437, 0.009603000245988369, 0.009599256329238415, 0.009488959796726704, 0.008258864283561707, 0.009997897781431675, 0.010368751361966133, 0.010258238762617111], "accuracy": [0.9971984624862671, 0.9965362548828125, 0.9975550174713135, 0.9975040555000305, 0.9974021911621094, 0.998064398765564, 0.9976059198379517, 0.9978606104850769, 0.9979625344276428, 0.998013436794281, 0.9976059198379517, 0.9978097081184387, 0.998064398765564, 0.9979115724563599, 0.9985737800598145, 0.9979115724563599, 0.998064398765564, 0.9979115724563599, 0.9979625344276428, 0.9978606104850769, 0.9978097081184387, 0.9981662631034851, 0.9975040555000305, 0.9974531531333923, 0.9973003268241882, 0.9977078437805176, 0.9979115724563599, 0.9977078437805176, 0.9973003268241882, 0.9979115724563599], "val_loss": [31.28043556213379, 18.03006362915039, 18.312217712402344, 17.434097290039062, 16.952322006225586, 16.389188766479492, 13.723103523254395, 14.981144905090332, 24.397830963134766, 17.134096145629883, 16.027982711791992, 15.211698532104492, 20.952159881591797, 15.16544246673584, 16.882875442504883, 12.707677841186523, 14.912891387939453, 18.89906883239746, 19.18892478942871, 16.843759536743164, 15.275829315185547, 16.010759353637695, 16.368593215942383, 15.168042182922363, 13.952962875366211, 14.53339672088623, 15.599387168884277, 14.626357078552246, 17.977834701538086, 15.2059907913208], "val_accuracy": [0.17474541068077087, 0.18696537613868713, 0.18533605337142944, 0.19307535886764526, 0.20203666388988495, 0.20162932574748993, 0.2289205640554428, 0.2122199535369873, 0.18411405384540558, 0.21059063076972961, 0.24684317409992218, 0.23747454583644867, 0.2069246470928192, 0.26843178272247314, 0.24439918994903564, 0.3095723092556, 0.3059063255786896, 0.2818737328052521, 0.2606924772262573, 0.2708757519721985, 0.31079429388046265, 0.3022403120994568, 0.29613035917282104, 0.3226069211959839, 0.3470468521118164, 0.3417515158653259, 0.33849287033081055, 0.34215885400772095, 0.2993890047073364, 0.3503054976463318]}