{"loss": [0.05159299075603485, 0.05224892124533653, 0.024468977004289627, 0.01804794743657112, 0.014126352034509182, 0.01253816019743681, 0.012892155908048153, 0.011747771874070168, 0.015180797316133976, 0.009259079582989216, 0.011601017788052559, 0.006654581520706415, 0.01042530033737421, 0.007439879234880209, 0.008796430192887783, 0.007668143138289452, 0.008664817549288273, 0.008521007373929024, 0.007411821745336056, 0.008018017746508121, 0.007037527859210968, 0.007617641240358353, 0.00881086103618145, 0.009833084419369698, 0.010363692417740822, 0.010153653100132942, 0.009328457526862621, 0.010712944902479649, 0.008756432682275772, 0.008093702606856823], "accuracy": [0.9971984624862671, 0.9965872168540955, 0.9975550174713135, 0.9978606104850769, 0.9977078437805176, 0.9978606104850769, 0.998064398765564, 0.9977078437805176, 0.9975550174713135, 0.9979625344276428, 0.9978606104850769, 0.9981662631034851, 0.9978097081184387, 0.9983190894126892, 0.9979115724563599, 0.9981662631034851, 0.9982681274414062, 0.9979115724563599, 0.998064398765564, 0.9982681274414062, 0.998064398765564, 0.998013436794281, 0.9979115724563599, 0.9977078437805176, 0.9977078437805176, 0.997096598148346, 0.9976568818092346, 0.9974021911621094, 0.9978097081184387, 0.9978097081184387], "val_loss": [28.196407318115234, 14.653852462768555, 13.260804176330566, 13.152941703796387, 15.859134674072266, 17.619321823120117, 15.627166748046875, 16.658039093017578, 14.632696151733398, 12.658210754394531, 14.153670310974121, 14.875478744506836, 14.065109252929688, 19.918161392211914, 12.560628890991211, 11.7909517288208, 13.801321983337402, 14.633462905883789, 12.244390487670898, 14.07756519317627, 16.238800048828125, 13.632909774780273, 12.65256404876709, 12.766478538513184, 12.589058876037598, 11.203722953796387, 13.015387535095215, 14.829931259155273, 14.026408195495605, 15.199747085571289], "val_accuracy": [0.17474541068077087, 0.2028513252735138, 0.2252545803785324, 0.2289205640554428, 0.21547861397266388, 0.22077393531799316, 0.2529531419277191, 0.23665988445281982, 0.2545824944972992, 0.28879836201667786, 0.29083502292633057, 0.2680244445800781, 0.2745417654514313, 0.23869653046131134, 0.3083502948284149, 0.3307535648345947, 0.32382890582084656, 0.2863543927669525, 0.33482688665390015, 0.3230142593383789, 0.2786150574684143, 0.34012219309806824, 0.3592667877674103, 0.34745416045188904, 0.3747454285621643, 0.3820773959159851, 0.36252546310424805, 0.3250509202480316, 0.36089614033699036, 0.3450101912021637]}