{"loss": [0.22642284631729126, 0.3952343165874481, 0.28178295493125916, 0.23579274117946625, 0.17757514119148254, 0.12884525954723358, 0.1388757824897766, 0.15903472900390625, 0.11109257489442825, 0.10013510286808014, 0.08560396730899811, 0.10699404776096344, 0.08553925156593323, 0.12619009613990784, 0.10966373234987259, 0.10786395519971848, 0.0928470641374588, 0.08848758041858673, 0.09495276212692261, 0.09384144097566605, 0.07739536464214325, 0.10512331873178482, 0.1036839410662651, 0.09708721190690994, 0.10663572698831558, 0.09521856158971786, 0.10426592826843262, 0.08793443441390991, 0.09874603152275085, 0.09934856742620468], "accuracy": [0.9968419075012207, 0.9954665899276733, 0.9963834285736084, 0.9966381192207336, 0.9973003268241882, 0.9976059198379517, 0.9975040555000305, 0.997045636177063, 0.9976568818092346, 0.9978097081184387, 0.9979115724563599, 0.9975550174713135, 0.9979625344276428, 0.9972493648529053, 0.9976568818092346, 0.9977078437805176, 0.998013436794281, 0.9978606104850769, 0.9977587461471558, 0.9978606104850769, 0.998013436794281, 0.9975040555000305, 0.9976568818092346, 0.9976568818092346, 0.9975550174713135, 0.9976568818092346, 0.9976568818092346, 0.9977587461471558, 0.9977587461471558, 0.9979115724563599], "val_loss": [144.8983154296875, 119.23673248291016, 95.37376403808594, 81.36408233642578, 63.122379302978516, 67.88704681396484, 56.6990852355957, 57.02309799194336, 55.94667053222656, 44.222618103027344, 65.32874298095703, 65.31427764892578, 53.71054458618164, 44.59345626831055, 43.409095764160156, 70.29232788085938, 47.11766815185547, 50.271629333496094, 48.091800689697266, 38.59791946411133, 55.45592498779297, 48.4488639831543, 51.69963073730469, 73.8299331665039, 40.27077102661133, 65.68690490722656, 42.85042190551758, 40.627140045166016, 38.17823028564453, 46.89387893676758], "val_accuracy": [0.17474541068077087, 0.17474541068077087, 0.17474541068077087, 0.17474541068077087, 0.17800407111644745, 0.180855393409729, 0.1955193430185318, 0.19103869795799255, 0.18940937519073486, 0.20407332479953766, 0.18574337661266327, 0.1902240365743637, 0.20040732622146606, 0.21832993626594543, 0.24480651319026947, 0.180855393409729, 0.2179226130247116, 0.21995927393436432, 0.221181258559227, 0.27413442730903625, 0.21181263029575348, 0.22810590267181396, 0.21710793673992157, 0.19063135981559753, 0.25213849544525146, 0.20773930847644806, 0.25213849544525146, 0.2606924772262573, 0.2541751563549042, 0.24399185180664062]}