{"loss": [0.05125415697693825, 0.05245645344257355, 0.024156689643859863, 0.017936263233423233, 0.013123787008225918, 0.012793848291039467, 0.00884662102907896, 0.013625060208141804, 0.009713132865726948, 0.009360731579363346, 0.0073703317902982235, 0.010148524306714535, 0.008788804523646832, 0.008494971320033073, 0.00896292831748724, 0.010327888652682304, 0.008165047504007816, 0.010431638918817043, 0.010004798881709576, 0.007468001917004585, 0.010771789588034153, 0.010669930838048458, 0.008754040114581585, 0.005726659670472145, 0.00937474425882101, 0.010246642865240574, 0.009986290708184242, 0.010954447090625763, 0.009663250297307968, 0.010080271400511265], "accuracy": [0.997096598148346, 0.9964853525161743, 0.9973512887954712, 0.9977587461471558, 0.9977078437805176, 0.9976568818092346, 0.9979115724563599, 0.9973003268241882, 0.9978606104850769, 0.9975040555000305, 0.9979115724563599, 0.9974531531333923, 0.9974531531333923, 0.9978097081184387, 0.998064398765564, 0.9978606104850769, 0.9976568818092346, 0.9975040555000305, 0.9976059198379517, 0.9979625344276428, 0.9974021911621094, 0.9972493648529053, 0.9976568818092346, 0.9982681274414062, 0.9977587461471558, 0.9973512887954712, 0.9973512887954712, 0.9973003268241882, 0.9973512887954712, 0.9975040555000305], "val_loss": [25.69763946533203, 16.94451332092285, 15.077863693237305, 13.466740608215332, 19.37881851196289, 17.130720138549805, 16.32261848449707, 12.599571228027344, 13.817977905273438, 14.261428833007812, 18.140270233154297, 20.89258575439453, 16.744537353515625, 15.328487396240234, 16.512828826904297, 11.705839157104492, 13.06815242767334, 13.076278686523438, 14.072517395019531, 13.454641342163086, 13.358926773071289, 17.758710861206055, 11.979045867919922, 11.129169464111328, 12.157753944396973, 14.539633750915527, 13.233085632324219, 15.344975471496582, 14.237762451171875, 11.306988716125488], "val_accuracy": [0.17474541068077087, 0.18655803799629211, 0.20977596938610077, 0.2195519357919693, 0.19470468163490295, 0.20977596938610077, 0.221588596701622, 0.27617108821868896, 0.2488798350095749, 0.2765783965587616, 0.23340122401714325, 0.22810590267181396, 0.2745417654514313, 0.29246434569358826, 0.2659877836704254, 0.3397148549556732, 0.3226069211959839, 0.31608960032463074, 0.3026476502418518, 0.3213849365711212, 0.3250509202480316, 0.2606924772262573, 0.3820773959159851, 0.39226070046424866, 0.36415478587150574, 0.3303462266921997, 0.3580448031425476, 0.32179227471351624, 0.3507128357887268, 0.4004073441028595]}