{"loss": [0.13409094512462616, 0.20488446950912476, 0.11854181438684464, 0.08390771597623825, 0.055661384016275406, 0.04854907467961311, 0.05099061504006386, 0.03145253285765648, 0.04395304247736931, 0.03036119043827057, 0.03650488331913948, 0.042437054216861725, 0.03748681768774986, 0.03849941864609718, 0.037235409021377563, 0.042759500443935394, 0.03306396305561066, 0.033639438450336456, 0.04769902676343918, 0.03954127058386803, 0.031487636268138885, 0.04403208941221237, 0.04262031242251396, 0.03808002918958664, 0.049017999321222305, 0.0635339617729187, 0.05099678039550781, 0.04219210147857666, 0.04592857137322426, 0.052854735404253006], "accuracy": [0.997096598148346, 0.9962306618690491, 0.997096598148346, 0.9971475005149841, 0.9978606104850769, 0.998013436794281, 0.9978097081184387, 0.998064398765564, 0.9979115724563599, 0.9981153011322021, 0.9978097081184387, 0.9976059198379517, 0.998013436794281, 0.998013436794281, 0.9979625344276428, 0.9975550174713135, 0.9979625344276428, 0.9976059198379517, 0.9973512887954712, 0.9975040555000305, 0.9977078437805176, 0.9972493648529053, 0.997045636177063, 0.9976059198379517, 0.99699467420578, 0.997096598148346, 0.997096598148346, 0.997096598148346, 0.9974531531333923, 0.99699467420578], "val_loss": [89.5413818359375, 66.58674621582031, 45.36151885986328, 40.13078689575195, 41.963050842285156, 43.86567306518555, 39.303951263427734, 30.892942428588867, 37.35719299316406, 39.062828063964844, 40.08957290649414, 36.62192916870117, 36.04309844970703, 39.604373931884766, 37.34892272949219, 40.336639404296875, 39.79193878173828, 57.47877883911133, 54.11756134033203, 33.574974060058594, 39.852787017822266, 40.57006072998047, 41.89854431152344, 49.84981918334961, 37.54857635498047, 34.76849365234375, 38.38917922973633, 52.942020416259766, 45.29511260986328, 40.50453567504883], "val_accuracy": [0.17474541068077087, 0.17474541068077087, 0.17678207159042358, 0.18533605337142944, 0.18492871522903442, 0.1845213919878006, 0.1918533593416214, 0.2175152748823166, 0.19592668116092682, 0.20570264756679535, 0.19592668116092682, 0.22240325808525085, 0.2289205640554428, 0.21670061349868774, 0.21873727440834045, 0.21670061349868774, 0.21425661444664001, 0.1845213919878006, 0.18207739293575287, 0.2305499017238617, 0.2252545803785324, 0.21140529215335846, 0.21140529215335846, 0.19429735839366913, 0.24806517362594604, 0.2729124128818512, 0.2505091726779938, 0.21303462982177734, 0.21507127583026886, 0.23299388587474823]}