{"loss": [0.8874843120574951, 0.6348926424980164, 0.5741610527038574, 0.5362956523895264, 0.5198695063591003, 0.49953630566596985, 0.48819923400878906, 0.479057639837265, 0.47037696838378906, 0.461202472448349, 0.45437461137771606, 0.45532500743865967, 0.4479530155658722, 0.43981578946113586, 0.44039908051490784, 0.44425496459007263, 0.43697720766067505, 0.43669360876083374, 0.42911699414253235, 0.4345998466014862, 0.42361757159233093, 0.4242295026779175, 0.42022398114204407, 0.4246699810028076, 0.42245280742645264, 0.418212890625, 0.42111736536026, 0.4180189371109009, 0.4170815646648407, 0.4167182743549347], "accuracy": [0.6906580924987793, 0.7789832949638367, 0.7967603802680969, 0.8120924830436707, 0.8146393895149231, 0.8195293545722961, 0.8262020945549011, 0.8278321027755737, 0.8306336402893066, 0.8371027112007141, 0.8365933299064636, 0.8347595930099487, 0.8389873504638672, 0.8413304686546326, 0.8418398499488831, 0.8402098417282104, 0.8404645323753357, 0.8434698581695557, 0.8443866968154907, 0.841890811920166, 0.8458638787269592, 0.845812976360321, 0.8444885611534119, 0.8452017307281494, 0.8457620143890381, 0.8472901582717896, 0.8478504419326782, 0.8458638787269592, 0.8464751243591309, 0.8486654162406921], "val_loss": [0.6682372689247131, 0.5795183777809143, 0.5371602177619934, 0.5077844858169556, 0.48913121223449707, 0.4739540219306946, 0.4623042345046997, 0.4604438543319702, 0.45873400568962097, 0.44381025433540344, 0.44186505675315857, 0.44607555866241455, 0.43001770973205566, 0.4273092448711395, 0.4230553209781647, 0.4251220226287842, 0.42261984944343567, 0.417129784822464, 0.41692277789115906, 0.41893884539604187, 0.41645556688308716, 0.41826578974723816, 0.4095543622970581, 0.41426557302474976, 0.4048069417476654, 0.40926358103752136, 0.41205334663391113, 0.4043298363685608, 0.4098894000053406, 0.40807974338531494], "val_accuracy": [0.771079421043396, 0.7959266901016235, 0.8105906248092651, 0.8236252665519714, 0.8272912502288818, 0.8260692358016968, 0.8338085412979126, 0.8325865864753723, 0.8285132646560669, 0.8411405086517334, 0.8329938650131226, 0.8321792483329773, 0.8464358448982239, 0.8423625230789185, 0.8456211686134338, 0.8456211686134338, 0.8423625230789185, 0.8435845375061035, 0.8439918756484985, 0.8448064923286438, 0.8439918756484985, 0.8452138304710388, 0.8448064923286438, 0.8439918756484985, 0.8529531359672546, 0.8456211686134338, 0.8443992137908936, 0.8513238430023193, 0.8488798141479492, 0.8468431830406189]}