{"loss": [1.8417809009552002, 0.8789447546005249, 0.7741804122924805, 0.7342143058776855, 0.7359058260917664, 0.7219219207763672, 0.7193261384963989, 0.7136486768722534, 0.7162430882453918, 0.7043761014938354, 0.7140998244285583, 0.7143995761871338, 0.7052595615386963, 0.708305299282074, 0.7107719779014587, 0.6996785402297974, 0.6985129714012146, 0.7108877301216125, 0.7013104557991028, 0.71233069896698, 0.7005270719528198, 0.7062633037567139, 0.7066771984100342, 0.6961759924888611, 0.701866865158081, 0.7095327377319336, 0.7116811275482178, 0.7059953808784485, 0.7087538838386536, 0.7085071206092834], "accuracy": [0.5159943103790283, 0.6964649558067322, 0.7293194532394409, 0.7397615909576416, 0.7371638417243958, 0.7412897348403931, 0.7473512887954712, 0.7477078437805176, 0.7465362548828125, 0.7492359280586243, 0.745059072971344, 0.7494397163391113, 0.7494906187057495, 0.7479115724563599, 0.7507640719413757, 0.7503565549850464, 0.7518337368965149, 0.7504075169563293, 0.754940927028656, 0.7476568818092346, 0.7509168982505798, 0.7483190894126892, 0.7502546906471252, 0.7491850256919861, 0.7523940801620483, 0.75, 0.7484718561172485, 0.7496434450149536, 0.7482172250747681, 0.7523431181907654], "val_loss": [0.8228294849395752, 0.7057318091392517, 0.6626713871955872, 0.6372814774513245, 0.6918562650680542, 0.6158550381660461, 0.7479009628295898, 0.698533833026886, 0.6544163823127747, 0.628412127494812, 0.6162729859352112, 0.6585483551025391, 0.6353981494903564, 0.6448258757591248, 0.6709801554679871, 0.6364799737930298, 0.653522789478302, 0.6526645421981812, 0.6486451625823975, 0.6475901007652283, 0.6210739016532898, 0.6713556051254272, 0.628507137298584, 0.6252698302268982, 0.6192326545715332, 0.6340994238853455, 0.6339710354804993, 0.6682435274124146, 0.6224768757820129, 0.607912540435791], "val_accuracy": [0.7124236226081848, 0.752749502658844, 0.7621181011199951, 0.7678207755088806, 0.7389001846313477, 0.7804480791091919, 0.7311608791351318, 0.7576375007629395, 0.7731161117553711, 0.7755600810050964, 0.7841140627861023, 0.771079421043396, 0.771486759185791, 0.7678207755088806, 0.7637474536895752, 0.7755600810050964, 0.7682281136512756, 0.7564154863357544, 0.7665987610816956, 0.770672082901001, 0.7739307284355164, 0.7608961462974548, 0.772301435470581, 0.7775967121124268, 0.7861506938934326, 0.7759674191474915, 0.7747454047203064, 0.7621181011199951, 0.7727087736129761, 0.7828920483589172]}