{"loss": [0.9328950643539429, 0.6865112781524658, 0.6223870515823364, 0.5847848653793335, 0.558842122554779, 0.5414436459541321, 0.5347937941551208, 0.5182716250419617, 0.5084710717201233, 0.5027574300765991, 0.49301937222480774, 0.491138756275177, 0.4824415147304535, 0.4854893386363983, 0.4777727425098419, 0.4697568118572235, 0.46962353587150574, 0.4705990254878998, 0.46454888582229614, 0.45998615026474, 0.45962393283843994, 0.4553399384021759, 0.45244088768959045, 0.4575819671154022, 0.4577803909778595, 0.4535196125507355, 0.45840969681739807, 0.4518459439277649, 0.45463740825653076, 0.4528270959854126], "accuracy": [0.6764975786209106, 0.7593724727630615, 0.7810207605361938, 0.7933475971221924, 0.8030766248703003, 0.8057253360748291, 0.8079665899276733, 0.8153524994850159, 0.8208027482032776, 0.8179503083229065, 0.8207008838653564, 0.8236552476882935, 0.8250815272331238, 0.8248777389526367, 0.825132429599762, 0.8302261829376221, 0.8264567852020264, 0.8283414840698242, 0.8298696279525757, 0.8302770853042603, 0.831041157245636, 0.8345558047294617, 0.8348614573478699, 0.8324164748191833, 0.8328748941421509, 0.8324673771858215, 0.8317033648490906, 0.8352689743041992, 0.8337408304214478, 0.8319070935249329], "val_loss": [0.7384276390075684, 0.6560205221176147, 0.6012008786201477, 0.5734045505523682, 0.5492475032806396, 0.5394045114517212, 0.5310684442520142, 0.5160619616508484, 0.5147239565849304, 0.5002651214599609, 0.4987742304801941, 0.4934787154197693, 0.4825533926486969, 0.48283451795578003, 0.48525550961494446, 0.4781689941883087, 0.4746822714805603, 0.4739198684692383, 0.4739021062850952, 0.46758905053138733, 0.47287094593048096, 0.46038809418678284, 0.4586893618106842, 0.4566388428211212, 0.45133841037750244, 0.461639940738678, 0.45327362418174744, 0.4484141170978546, 0.45416250824928284, 0.4464593231678009], "val_accuracy": [0.7433808445930481, 0.7694501280784607, 0.7987779974937439, 0.8032586574554443, 0.8093686103820801, 0.8126273155212402, 0.8089613318443298, 0.8175152540206909, 0.8175152540206909, 0.8162932991981506, 0.8219959139823914, 0.8219959139823914, 0.8297352194786072, 0.8252545595169067, 0.8215885758399963, 0.8219959139823914, 0.8289205431938171, 0.8281059265136719, 0.8260692358016968, 0.8325865864753723, 0.8256618976593018, 0.8350305557250977, 0.838289201259613, 0.8423625230789185, 0.837881863117218, 0.8317719101905823, 0.8342158794403076, 0.8386965394020081, 0.8358452320098877, 0.8399185538291931]}