{"loss": [0.9524849057197571, 0.699588418006897, 0.6344488263130188, 0.5991873741149902, 0.5760155320167542, 0.5584282279014587, 0.5477742552757263, 0.5345150232315063, 0.5283339023590088, 0.519324779510498, 0.5137913823127747, 0.506296694278717, 0.5082738399505615, 0.499649316072464, 0.4967916011810303, 0.49702727794647217, 0.48954588174819946, 0.48985910415649414, 0.4888201057910919, 0.4848160147666931, 0.4799131751060486, 0.48658713698387146, 0.4765227437019348, 0.4792991280555725, 0.47811684012413025, 0.4787254333496094, 0.4747094511985779, 0.47948819398880005, 0.4793058931827545, 0.47696587443351746], "accuracy": [0.6671251058578491, 0.7536674737930298, 0.7771495580673218, 0.7859616875648499, 0.7926853895187378, 0.799867570400238, 0.803636908531189, 0.8067440986633301, 0.8101568818092346, 0.8116850256919861, 0.813518762588501, 0.8156071901321411, 0.8139262199401855, 0.8195802569389343, 0.8152506351470947, 0.8189690113067627, 0.819376528263092, 0.8225346207618713, 0.8187143206596375, 0.8207008838653564, 0.8215159177780151, 0.8177974820137024, 0.8232986927032471, 0.8255908489227295, 0.824164628982544, 0.8244702816009521, 0.8224837183952332, 0.8235024213790894, 0.8195802569389343, 0.8230949640274048], "val_loss": [0.7451187372207642, 0.6532617211341858, 0.6051406264305115, 0.5742999911308289, 0.5564040541648865, 0.535061776638031, 0.5274980664253235, 0.5228559970855713, 0.5135823488235474, 0.5039571523666382, 0.5025277733802795, 0.4923676550388336, 0.48583775758743286, 0.4871954321861267, 0.48091602325439453, 0.48055049777030945, 0.4751238226890564, 0.48318541049957275, 0.46718236804008484, 0.4644494950771332, 0.4653427302837372, 0.4677734971046448, 0.46798089146614075, 0.4584673047065735, 0.46220239996910095, 0.4562814235687256, 0.4553796350955963, 0.4655905067920685, 0.45519426465034485, 0.45266491174697876], "val_accuracy": [0.7287169098854065, 0.7641547918319702, 0.7784113883972168, 0.7918533682823181, 0.7938899993896484, 0.8069246411323547, 0.8048880100250244, 0.8081466555595398, 0.8109979629516602, 0.8150712847709656, 0.8167006373405457, 0.8171079158782959, 0.8215885758399963, 0.8215885758399963, 0.8248472213745117, 0.8236252665519714, 0.8285132646560669, 0.8240326046943665, 0.8281059265136719, 0.8293278813362122, 0.8281059265136719, 0.8309572339057922, 0.8260692358016968, 0.8309572339057922, 0.8301425576210022, 0.8325865864753723, 0.8317719101905823, 0.8329938650131226, 0.8317719101905823, 0.8334012031555176]}