{"loss": [0.9446340799331665, 0.6917011141777039, 0.6217647194862366, 0.5859928131103516, 0.5632091164588928, 0.5433570146560669, 0.5331655144691467, 0.5183299779891968, 0.5077400207519531, 0.5034972429275513, 0.4968210458755493, 0.49265897274017334, 0.4829891622066498, 0.48124682903289795, 0.4783717691898346, 0.47271016240119934, 0.469600111246109, 0.4626166820526123, 0.4656009078025818, 0.4582405686378479, 0.4599970877170563, 0.46108007431030273, 0.4524635076522827, 0.4563283324241638, 0.45359766483306885, 0.45053350925445557, 0.4562070965766907, 0.44984227418899536, 0.44819846749305725, 0.4489295780658722], "accuracy": [0.6706907153129578, 0.758659303188324, 0.7812245488166809, 0.7932966351509094, 0.8023125529289246, 0.809545636177063, 0.8122453093528748, 0.8159127831459045, 0.8200896382331848, 0.8218724727630615, 0.8211084008216858, 0.8227384090423584, 0.8258455395698547, 0.8267624378204346, 0.8281377553939819, 0.8295639753341675, 0.83394455909729, 0.8321108222007751, 0.8327220678329468, 0.8345049023628235, 0.8336389660835266, 0.8327730298042297, 0.8372045755386353, 0.8342502117156982, 0.8336898684501648, 0.8380705118179321, 0.8344539403915405, 0.8345049023628235, 0.8375611305236816, 0.8344539403915405], "val_loss": [0.7313839793205261, 0.6290230751037598, 0.5841955542564392, 0.548819899559021, 0.530403733253479, 0.5168513655662537, 0.5077664852142334, 0.49947282671928406, 0.49932917952537537, 0.4914013743400574, 0.4813458025455475, 0.4759593605995178, 0.4730069935321808, 0.46536460518836975, 0.46190202236175537, 0.45784735679626465, 0.45414331555366516, 0.4515916407108307, 0.44782525300979614, 0.45434680581092834, 0.44846928119659424, 0.4422450363636017, 0.4394187033176422, 0.44478094577789307, 0.44679853320121765, 0.440216064453125, 0.43428176641464233, 0.44094765186309814, 0.42791038751602173, 0.4304910898208618], "val_accuracy": [0.7556008100509644, 0.7861506938934326, 0.8024439811706543, 0.8134419322013855, 0.819959282875061, 0.820366621017456, 0.819144606590271, 0.8240326046943665, 0.8228105902671814, 0.8285132646560669, 0.8334012031555176, 0.8317719101905823, 0.8305498957633972, 0.8325865864753723, 0.837474524974823, 0.8399185538291931, 0.8435845375061035, 0.8391038775444031, 0.8386965394020081, 0.8358452320098877, 0.8403258919715881, 0.8415478467941284, 0.8448064923286438, 0.837067186832428, 0.8386965394020081, 0.8456211686134338, 0.8464358448982239, 0.836659848690033, 0.8464358448982239, 0.8460285067558289]}