{"loss": [1.0201466083526611, 0.6271365880966187, 0.5913673639297485, 0.5666150450706482, 0.55381178855896, 0.5483890175819397, 0.5372198224067688, 0.5308667421340942, 0.5236432552337646, 0.5164714455604553, 0.5116825103759766, 0.5050678849220276, 0.5033637881278992, 0.4975883960723877, 0.4991455674171448, 0.4934200346469879, 0.4858793318271637, 0.4843427538871765, 0.47114458680152893, 0.47473055124282837, 0.47281572222709656, 0.46656641364097595, 0.46589040756225586, 0.46498411893844604, 0.459947794675827, 0.45066338777542114, 0.4560248851776123, 0.45056968927383423, 0.4506343603134155, 0.4427306652069092], "accuracy": [0.703086793422699, 0.7746536135673523, 0.784076988697052, 0.7932966351509094, 0.7993072271347046, 0.8011919260025024, 0.8055216073989868, 0.8053687810897827, 0.8092909455299377, 0.8106662631034851, 0.810564398765564, 0.8143846988677979, 0.8136206269264221, 0.8189690113067627, 0.816473126411438, 0.8173390626907349, 0.821159303188324, 0.8224327564239502, 0.8271699547767639, 0.8249287009239197, 0.8260493278503418, 0.8287490010261536, 0.8312958478927612, 0.8269661664962769, 0.8343011140823364, 0.8343011140823364, 0.8316524028778076, 0.8351670503616333, 0.8335880041122437, 0.8380195498466492], "val_loss": [0.5973756909370422, 0.5465255975723267, 0.49795952439308167, 0.5013759136199951, 0.49138665199279785, 0.47529223561286926, 0.47773805260658264, 0.4790361821651459, 0.4892462193965912, 0.4818226099014282, 0.48685112595558167, 0.48401862382888794, 0.4839780032634735, 0.4771381914615631, 0.4864703416824341, 0.46428292989730835, 0.4830688238143921, 0.4842284023761749, 0.47791123390197754, 0.4834303557872772, 0.5027475357055664, 0.503890335559845, 0.48857739567756653, 0.49028345942497253, 0.506454586982727, 0.49230051040649414, 0.5024545788764954, 0.4981136918067932, 0.5189512968063354, 0.49678272008895874], "val_accuracy": [0.7865580320358276, 0.7995926737785339, 0.8171079158782959, 0.8097759485244751, 0.820366621017456, 0.8146639466285706, 0.8264765739440918, 0.8215885758399963, 0.819551944732666, 0.819551944732666, 0.8175152540206909, 0.8146639466285706, 0.8146639466285706, 0.8179225921630859, 0.819959282875061, 0.8285132646560669, 0.8167006373405457, 0.8167006373405457, 0.8236252665519714, 0.8207739591598511, 0.8114053010940552, 0.8215885758399963, 0.819551944732666, 0.8219959139823914, 0.8085539937019348, 0.8207739591598511, 0.8122199773788452, 0.8232179284095764, 0.8077393174171448, 0.818329930305481]}