{"loss": [1.0507382154464722, 0.620127260684967, 0.5758229494094849, 0.5633445978164673, 0.5475810766220093, 0.5363991856575012, 0.5354888439178467, 0.5249457955360413, 0.5174310803413391, 0.5102683901786804, 0.5011287927627563, 0.5101323127746582, 0.4989143908023834, 0.4952550232410431, 0.4862196445465088, 0.4849904179573059, 0.4834902286529541, 0.46250611543655396, 0.4651779234409332, 0.47010475397109985, 0.46100959181785583, 0.45195940136909485, 0.4531450569629669, 0.4583526849746704, 0.446582555770874, 0.4509407579898834, 0.4444466233253479, 0.4455374777317047, 0.43470337986946106, 0.437619686126709], "accuracy": [0.6968724727630615, 0.7762836217880249, 0.7923288345336914, 0.7963019609451294, 0.79889976978302, 0.804604709148407, 0.8049103617668152, 0.8086287975311279, 0.8131112456321716, 0.8107681274414062, 0.8172881007194519, 0.8140281438827515, 0.8173390626907349, 0.8222290277481079, 0.8267114758491516, 0.8227893114089966, 0.8235533833503723, 0.8309392929077148, 0.8284943103790283, 0.8264058828353882, 0.8352689743041992, 0.8346067667007446, 0.8344030380249023, 0.8302770853042603, 0.8371027112007141, 0.834046483039856, 0.8373574018478394, 0.8355745673179626, 0.8413814306259155, 0.8360329866409302], "val_loss": [0.5702950954437256, 0.5406222939491272, 0.5204471945762634, 0.5061177015304565, 0.509956955909729, 0.4941343665122986, 0.49051564931869507, 0.5057850480079651, 0.5320653319358826, 0.4797077476978302, 0.5019684433937073, 0.5058878660202026, 0.5096772909164429, 0.5243098735809326, 0.49312740564346313, 0.4850778877735138, 0.5058007836341858, 0.5083343386650085, 0.5062800645828247, 0.49357518553733826, 0.5187711119651794, 0.5296799540519714, 0.5115858912467957, 0.50751793384552, 0.5196219682693481, 0.5102526545524597, 0.5289533138275146, 0.5146362781524658, 0.5354244112968445, 0.5326448082923889], "val_accuracy": [0.8016293048858643, 0.8085539937019348, 0.8219959139823914, 0.8248472213745117, 0.8219959139823914, 0.8207739591598511, 0.8313645720481873, 0.8281059265136719, 0.8179225921630859, 0.8272912502288818, 0.8244399428367615, 0.818329930305481, 0.8207739591598511, 0.8175152540206909, 0.8285132646560669, 0.8317719101905823, 0.8240326046943665, 0.8276985883712769, 0.8256618976593018, 0.8354378938674927, 0.8224032521247864, 0.8167006373405457, 0.8207739591598511, 0.8272912502288818, 0.8289205431938171, 0.8252545595169067, 0.8236252665519714, 0.8317719101905823, 0.819551944732666, 0.8211812376976013]}