{"loss": [0.9368888735771179, 0.5889509916305542, 0.5432997345924377, 0.5173305869102478, 0.5129305720329285, 0.5084443092346191, 0.4990968704223633, 0.49402642250061035, 0.4905787408351898, 0.4867088198661804, 0.4768388271331787, 0.4742806851863861, 0.4719768464565277, 0.4567048251628876, 0.4686536490917206, 0.4587611258029938, 0.45742204785346985, 0.44614842534065247, 0.45330139994621277, 0.4408703148365021, 0.4500011205673218, 0.43899857997894287, 0.4361327886581421, 0.4377533495426178, 0.42891472578048706, 0.42057639360427856, 0.42778918147087097, 0.4230653643608093, 0.42050397396087646, 0.4225408136844635], "accuracy": [0.7225448489189148, 0.7943153977394104, 0.806591272354126, 0.8141300082206726, 0.8163203001022339, 0.8165749907493591, 0.8201406002044678, 0.8234515190124512, 0.822178065776825, 0.8249287009239197, 0.8295130133628845, 0.827068030834198, 0.829054594039917, 0.8336389660835266, 0.8293602466583252, 0.8338936567306519, 0.8351161479949951, 0.8388345837593079, 0.8333842754364014, 0.8414832949638367, 0.83694988489151, 0.8403117656707764, 0.8405154943466187, 0.8417379856109619, 0.8472901582717896, 0.8476976156234741, 0.8463732600212097, 0.847595751285553, 0.8471373319625854, 0.846576988697052], "val_loss": [0.5296410322189331, 0.5012610554695129, 0.4828202426433563, 0.4725669026374817, 0.4750242531299591, 0.4709370732307434, 0.4739350378513336, 0.474609911441803, 0.46590062975883484, 0.4644618332386017, 0.4769847095012665, 0.4649180769920349, 0.4699081480503082, 0.4523089528083801, 0.4517460763454437, 0.46229398250579834, 0.4696201980113983, 0.4755408465862274, 0.4754832983016968, 0.47572749853134155, 0.4995247423648834, 0.4947041869163513, 0.4503571689128876, 0.48372843861579895, 0.47291868925094604, 0.47641512751579285, 0.46479332447052, 0.47433561086654663, 0.4756723940372467, 0.4561040699481964], "val_accuracy": [0.8032586574554443, 0.8158859610557556, 0.819144606590271, 0.8244399428367615, 0.8252545595169067, 0.8301425576210022, 0.819959282875061, 0.8297352194786072, 0.8313645720481873, 0.8334012031555176, 0.8236252665519714, 0.8285132646560669, 0.8321792483329773, 0.8435845375061035, 0.838289201259613, 0.8321792483329773, 0.8297352194786072, 0.8228105902671814, 0.8264765739440918, 0.8329938650131226, 0.8118126392364502, 0.8179225921630859, 0.8427698612213135, 0.8358452320098877, 0.8342158794403076, 0.8321792483329773, 0.8338085412979126, 0.8297352194786072, 0.8285132646560669, 0.836659848690033]}