{"loss": [1.0971182584762573, 0.6355876326560974, 0.5883576273918152, 0.5751103758811951, 0.5614018440246582, 0.558026909828186, 0.5435210466384888, 0.5401203632354736, 0.5379783511161804, 0.5308160185813904, 0.5243794918060303, 0.524846076965332, 0.5176029801368713, 0.5058527588844299, 0.5120911002159119, 0.5025601983070374, 0.49409037828445435, 0.4903548061847687, 0.4832926392555237, 0.48308688402175903, 0.48346346616744995, 0.48018765449523926, 0.47108718752861023, 0.47913095355033875, 0.4667603671550751, 0.47098955512046814, 0.4622326195240021, 0.46179506182670593, 0.45981699228286743, 0.4599761664867401], "accuracy": [0.6992155909538269, 0.7749083042144775, 0.7885085344314575, 0.7953341603279114, 0.8000203967094421, 0.7983903884887695, 0.804808497428894, 0.8052159547805786, 0.8072025179862976, 0.8076609373092651, 0.8089343905448914, 0.8112775087356567, 0.8110228180885315, 0.8186634182929993, 0.8125, 0.8166768550872803, 0.8215668201446533, 0.8198349475860596, 0.8240118026733398, 0.8278830647468567, 0.8236043453216553, 0.824164628982544, 0.8293092846870422, 0.8250815272331238, 0.8308883309364319, 0.8285452127456665, 0.8327730298042297, 0.832008957862854, 0.8315505385398865, 0.8345049023628235], "val_loss": [0.5827954411506653, 0.5280467867851257, 0.5280349254608154, 0.5025908946990967, 0.515041708946228, 0.5038284659385681, 0.4831172525882721, 0.5024533867835999, 0.4939318299293518, 0.49621811509132385, 0.5158003568649292, 0.4991241693496704, 0.4962444603443146, 0.49017220735549927, 0.5124051570892334, 0.4946298897266388, 0.48385724425315857, 0.49325475096702576, 0.48409128189086914, 0.49095457792282104, 0.4920516610145569, 0.507249116897583, 0.48257386684417725, 0.47694048285484314, 0.4946765899658203, 0.4916556477546692, 0.4980378746986389, 0.4863818883895874, 0.49638819694519043, 0.49753040075302124], "val_accuracy": [0.7881873846054077, 0.8138492703437805, 0.8122199773788452, 0.8240326046943665, 0.8109979629516602, 0.8154786229133606, 0.8215885758399963, 0.8175152540206909, 0.818329930305481, 0.8219959139823914, 0.8085539937019348, 0.8171079158782959, 0.8224032521247864, 0.819959282875061, 0.8167006373405457, 0.819551944732666, 0.8289205431938171, 0.8285132646560669, 0.8224032521247864, 0.8228105902671814, 0.8219959139823914, 0.8264765739440918, 0.8224032521247864, 0.8297352194786072, 0.819144606590271, 0.8207739591598511, 0.8167006373405457, 0.8297352194786072, 0.819144606590271, 0.818737268447876]}