{"loss": [0.9701595306396484, 0.7786988019943237, 0.7452443242073059, 0.7346353530883789, 0.7085686922073364, 0.706454873085022, 0.7025139331817627, 0.6948578357696533, 0.7071002125740051, 0.6904596090316772, 0.6935521960258484, 0.688164472579956, 0.6944175362586975, 0.6854482293128967, 0.6853913068771362, 0.6882347464561462, 0.6831198930740356, 0.6766895651817322, 0.6698923110961914, 0.6737109422683716, 0.678415834903717, 0.6723893284797668, 0.6698201894760132, 0.6624266505241394, 0.6661221385002136, 0.6625364422798157, 0.6666273474693298, 0.6686328649520874, 0.6567232012748718, 0.6528499126434326], "accuracy": [0.6754788160324097, 0.7241747975349426, 0.7355847358703613, 0.7384881973266602, 0.7478606104850769, 0.7478606104850769, 0.7488793730735779, 0.7522921562194824, 0.7475550174713135, 0.750050961971283, 0.7484718561172485, 0.7549918293952942, 0.7541768550872803, 0.7540240287780762, 0.7565708756446838, 0.752903401851654, 0.7550937533378601, 0.7579971551895142, 0.7609515190124512, 0.759678065776825, 0.7584046721458435, 0.7580990195274353, 0.7635493278503418, 0.7613589763641357, 0.7602384090423584, 0.761817455291748, 0.759881854057312, 0.7601364850997925, 0.7641096115112305, 0.7646699547767639], "val_loss": [0.6783034801483154, 0.6536988615989685, 0.6136904954910278, 0.6184455156326294, 0.6177945137023926, 0.6153433918952942, 0.6070162653923035, 0.608647882938385, 0.6018061637878418, 0.5948933362960815, 0.5975059270858765, 0.596278727054596, 0.5917421579360962, 0.5960783958435059, 0.588504433631897, 0.6046962141990662, 0.6004688143730164, 0.5984371304512024, 0.6024342775344849, 0.6001033782958984, 0.594302773475647, 0.6048136949539185, 0.6022896766662598, 0.5867307782173157, 0.6021625995635986, 0.5966554284095764, 0.6010816097259521, 0.6044349074363708, 0.6025223135948181, 0.5933040976524353], "val_accuracy": [0.7568228244781494, 0.7604888081550598, 0.7788187265396118, 0.7747454047203064, 0.7784113883972168, 0.7751527428627014, 0.7796334028244019, 0.770672082901001, 0.7759674191474915, 0.7849287390708923, 0.7841140627861023, 0.7812627553939819, 0.7845214009284973, 0.7857433557510376, 0.7853360772132874, 0.7751527428627014, 0.7828920483589172, 0.7788187265396118, 0.7857433557510376, 0.7796334028244019, 0.7804480791091919, 0.7780040502548218, 0.7808554172515869, 0.7804480791091919, 0.7763747572898865, 0.7792260646820068, 0.7788187265396118, 0.7808554172515869, 0.7739307284355164, 0.7780040502548218]}