{"loss": [0.6438000202178955, 0.4977656900882721, 0.4610104560852051, 0.4525979459285736, 0.44045260548591614, 0.4257292151451111, 0.43290433287620544, 0.425537645816803, 0.4193404018878937, 0.42524123191833496, 0.4307364821434021, 0.4306165277957916, 0.4196224510669708, 0.4145405888557434, 0.4300522208213806, 0.4253162443637848, 0.43814516067504883, 0.4283933639526367, 0.44349467754364014, 0.4244331419467926, 0.4258638024330139, 0.41701820492744446, 0.4286869466304779, 0.43033304810523987, 0.4215767979621887, 0.43309324979782104, 0.4304632842540741, 0.43323296308517456, 0.42902475595474243, 0.42384064197540283], "accuracy": [0.7901507019996643, 0.8466736078262329, 0.8649081587791443, 0.8670738339424133, 0.8748700618743896, 0.8800675868988037, 0.8807172775268555, 0.882623016834259, 0.887430727481842, 0.8897262811660767, 0.8903759717941284, 0.8916753530502319, 0.8936243653297424, 0.8941441178321838, 0.8929747343063354, 0.8952269554138184, 0.895097017288208, 0.894707202911377, 0.8961798548698425, 0.8966996073722839, 0.9004244804382324, 0.9005110859870911, 0.8989084959030151, 0.9000779390335083, 0.9042792916297913, 0.9018970727920532, 0.9022868871688843, 0.9031098484992981, 0.9042792916297913, 0.9044525027275085], "val_loss": [0.3930101692676544, 0.40442711114883423, 0.37503209710121155, 0.3944108188152313, 0.3666151165962219, 0.35586151480674744, 0.3933863937854767, 0.3850423991680145, 0.40480586886405945, 0.41032448410987854, 0.3848792314529419, 0.4282124936580658, 0.4299009144306183, 0.4113104045391083, 0.393105685710907, 0.39671581983566284, 0.41559022665023804, 0.46682262420654297, 0.5095078945159912, 0.4384876787662506, 0.42926687002182007, 0.3684217035770416, 0.45952919125556946, 0.44081753492355347, 0.46291255950927734, 0.43034860491752625, 0.47659096121788025, 0.4970961809158325, 0.4442405104637146, 0.41191259026527405], "val_accuracy": [0.876342236995697, 0.8756494522094727, 0.889158308506012, 0.8901974558830261, 0.8967786431312561, 0.8957394957542419, 0.8895046710968018, 0.9009352326393127, 0.8985105752944946, 0.8926221132278442, 0.9054381847381592, 0.8971250653266907, 0.9037062525749207, 0.894353985786438, 0.9023207426071167, 0.9026671051979065, 0.9033598899841309, 0.894353985786438, 0.8940076231956482, 0.9012815952301025, 0.9037062525749207, 0.9154831767082214, 0.9030135273933411, 0.9040526747703552, 0.9009352326393127, 0.9109802842140198, 0.8912366032600403, 0.9019743800163269, 0.9050917625427246, 0.9130585193634033]}