{"loss": [0.1133807972073555, 0.17767202854156494, 0.09446282684803009, 0.06702756881713867, 0.04029795899987221, 0.049114346504211426, 0.05067191645503044, 0.03349636122584343, 0.04490584880113602, 0.042810309678316116, 0.04398438706994057, 0.05393268167972565, 0.048444513231515884, 0.04443806782364845, 0.043573327362537384, 0.0631226897239685, 0.04936966300010681, 0.04309928044676781, 0.046662162989377975, 0.05456135421991348, 0.039749518036842346, 0.05111955478787422, 0.055999670177698135, 0.04818079620599747, 0.043354492634534836, 0.04575946554541588, 0.08069021999835968, 0.060847196727991104, 0.05627492070198059, 0.06884954124689102], "accuracy": [0.997617781162262, 0.9966649413108826, 0.997574508190155, 0.9978776574134827, 0.9983541369438171, 0.9980509281158447, 0.9978776574134827, 0.9983541369438171, 0.9978776574134827, 0.9977477192878723, 0.9977477192878723, 0.9976611137390137, 0.9978776574134827, 0.9977477192878723, 0.9979643225669861, 0.997357964515686, 0.9977477192878723, 0.9980509281158447, 0.9977477192878723, 0.997574508190155, 0.9980509281158447, 0.9976611137390137, 0.9974445700645447, 0.9976611137390137, 0.997617781162262, 0.997617781162262, 0.9970114231109619, 0.9972280263900757, 0.997401237487793, 0.996968150138855], "val_loss": [92.49384307861328, 65.0756607055664, 51.33296203613281, 36.4032096862793, 40.31174087524414, 44.25749969482422, 41.67235565185547, 59.29910659790039, 47.727149963378906, 42.81515884399414, 49.07639694213867, 59.807212829589844, 50.7689323425293, 45.514591217041016, 49.702362060546875, 49.6522216796875, 51.51736068725586, 59.49250030517578, 50.84715270996094, 40.58113479614258, 50.47879409790039, 55.35517883300781, 54.8255500793457, 54.45137023925781, 51.23991775512695, 74.05480194091797, 57.55967330932617, 66.64927673339844, 60.10394287109375, 58.80196762084961], "val_accuracy": [0.15413925051689148, 0.15413925051689148, 0.15413925051689148, 0.16349151730537415, 0.15829581022262573, 0.15829581022262573, 0.16037409007549286, 0.15517838299274445, 0.15829581022262573, 0.16695532202720642, 0.161759614944458, 0.1565639078617096, 0.161759614944458, 0.17526844143867493, 0.16626255214214325, 0.16695532202720642, 0.16418427228927612, 0.162105992436409, 0.16695532202720642, 0.18288880586624146, 0.1728437840938568, 0.1676480770111084, 0.1704191267490387, 0.17180463671684265, 0.18496710062026978, 0.16072046756744385, 0.1763075888156891, 0.16314513981342316, 0.1676480770111084, 0.16972635686397552]}