{"loss": [0.10767833143472672, 0.1649530977010727, 0.10971023142337799, 0.06141078844666481, 0.055375583469867706, 0.06160868704319, 0.04670477285981178, 0.03515620529651642, 0.045436516404151917, 0.03427925705909729, 0.034985147416591644, 0.03667677566409111, 0.034581657499074936, 0.04036736860871315, 0.04269392415881157, 0.03625788912177086, 0.031597722321748734, 0.05113956704735756, 0.045824598520994186, 0.03813677653670311, 0.042019445449113846, 0.03666217625141144, 0.03982679173350334, 0.03774914890527725, 0.042517781257629395, 0.03682779148221016, 0.040643103420734406, 0.04358046129345894, 0.04189252108335495, 0.0457393079996109], "accuracy": [0.997401237487793, 0.9967948794364929, 0.9972712993621826, 0.9979209899902344, 0.9979209899902344, 0.9979209899902344, 0.9978776574134827, 0.9984840750694275, 0.9980509281158447, 0.9983974099159241, 0.9980509281158447, 0.9982241988182068, 0.9982674717903137, 0.997791051864624, 0.9979209899902344, 0.998007595539093, 0.9981808662414551, 0.9978776574134827, 0.9978776574134827, 0.9980942606925964, 0.9979209899902344, 0.9980942606925964, 0.9981375336647034, 0.9983108043670654, 0.9978776574134827, 0.9982674717903137, 0.9979209899902344, 0.9979643225669861, 0.9979209899902344, 0.9979643225669861], "val_loss": [88.65623474121094, 62.63368225097656, 44.721981048583984, 42.977996826171875, 59.57550048828125, 34.09748077392578, 37.27827072143555, 47.110679626464844, 42.197242736816406, 43.82096862792969, 53.182334899902344, 47.46554183959961, 44.75901412963867, 65.76777648925781, 44.3131103515625, 47.92164611816406, 44.889530181884766, 41.864498138427734, 40.84645462036133, 36.337646484375, 38.2563591003418, 40.96380615234375, 40.37350082397461, 43.010093688964844, 44.279762268066406, 36.407596588134766, 43.41579818725586, 43.79423141479492, 39.672157287597656, 42.00363540649414], "val_accuracy": [0.15413925051689148, 0.15413925051689148, 0.15552476048469543, 0.1565639078617096, 0.15483200550079346, 0.17249740660190582, 0.17180463671684265, 0.1645306497812271, 0.162105992436409, 0.16418427228927612, 0.1589885652065277, 0.15968133509159088, 0.17215102910995483, 0.15483200550079346, 0.1700727343559265, 0.17145825922489166, 0.16903360188007355, 0.1763075888156891, 0.17942501604557037, 0.1981295496225357, 0.2040180116891861, 0.18565985560417175, 0.1818496733903885, 0.18669898808002472, 0.1842743307352066, 0.20540353655815125, 0.1981295496225357, 0.19951507449150085, 0.21371665596961975, 0.2040180116891861]}