{"loss": [0.09905629605054855, 0.15859539806842804, 0.09446804225444794, 0.05366405099630356, 0.04904424771666527, 0.057293761521577835, 0.048606909811496735, 0.041762810200452805, 0.05478036031126976, 0.03349420428276062, 0.03789222985506058, 0.03956688940525055, 0.030706943944096565, 0.03451511263847351, 0.03810252621769905, 0.035744719207286835, 0.03419281914830208, 0.036619946360588074, 0.03970414772629738, 0.03534368798136711, 0.04217017814517021, 0.03313656896352768, 0.03580789268016815, 0.03871750831604004, 0.03347230702638626, 0.047786857932806015, 0.040308982133865356, 0.0401863195002079, 0.045174140483140945, 0.03847280889749527], "accuracy": [0.9976611137390137, 0.9967515468597412, 0.997357964515686, 0.9978776574134827, 0.9980509281158447, 0.9977477192878723, 0.9977477192878723, 0.9977477192878723, 0.9975311756134033, 0.9980942606925964, 0.998007595539093, 0.9981375336647034, 0.9982674717903137, 0.9980942606925964, 0.997791051864624, 0.9979209899902344, 0.9980942606925964, 0.9981375336647034, 0.9980509281158447, 0.9980942606925964, 0.9980509281158447, 0.9980509281158447, 0.998007595539093, 0.9980942606925964, 0.9981808662414551, 0.9977044463157654, 0.9979209899902344, 0.998007595539093, 0.9976611137390137, 0.997791051864624], "val_loss": [85.2358627319336, 55.15815353393555, 46.5225944519043, 43.92399978637695, 63.90131759643555, 41.6453857421875, 43.334815979003906, 38.645904541015625, 46.84677505493164, 42.5985221862793, 44.477352142333984, 41.176856994628906, 51.3088264465332, 43.964027404785156, 60.11283493041992, 42.36375427246094, 60.88044357299805, 53.28804397583008, 46.766258239746094, 41.601600646972656, 37.202022552490234, 42.78438949584961, 50.02742385864258, 33.41740036010742, 34.605377197265625, 41.083885192871094, 56.57162094116211, 40.07027053833008, 47.92261505126953, 65.80728149414062], "val_accuracy": [0.15413925051689148, 0.15413925051689148, 0.15760305523872375, 0.15448562800884247, 0.15483200550079346, 0.161759614944458, 0.16106684505939484, 0.16660892963409424, 0.16383789479732513, 0.17249740660190582, 0.1648770421743393, 0.18600623309612274, 0.16383789479732513, 0.17561481893062592, 0.15794943273067474, 0.1735365390777588, 0.16072046756744385, 0.16418427228927612, 0.1731901615858078, 0.17942501604557037, 0.19120194017887115, 0.19120194017887115, 0.17145825922489166, 0.21960513293743134, 0.21163837611675262, 0.19154831767082214, 0.1728437840938568, 0.20193973183631897, 0.1763075888156891, 0.16141323745250702]}