{"loss": [0.049915727227926254, 0.047906581312417984, 0.0344596765935421, 0.017949586734175682, 0.015434853732585907, 0.01173834316432476, 0.010638551786541939, 0.010409830138087273, 0.010494990274310112, 0.010091151110827923, 0.010507283732295036, 0.008437917567789555, 0.013477353379130363, 0.00975373387336731, 0.0086661446839571, 0.008539780974388123, 0.009857644326984882, 0.008027737960219383, 0.011261042207479477, 0.009928053244948387, 0.009092363528907299, 0.007022240199148655, 0.007098332978785038, 0.008610374294221401, 0.006905707065016031, 0.007936026901006699, 0.010621671564877033, 0.012089325115084648, 0.009407483972609043, 0.010477212257683277], "accuracy": [0.9974445700645447, 0.997357964515686, 0.997357964515686, 0.998007595539093, 0.9983108043670654, 0.9983541369438171, 0.9983108043670654, 0.9985273480415344, 0.9983108043670654, 0.9983974099159241, 0.9982241988182068, 0.9985706806182861, 0.9982241988182068, 0.9984840750694275, 0.9983974099159241, 0.9983541369438171, 0.9982674717903137, 0.9985273480415344, 0.9980509281158447, 0.9981808662414551, 0.9981808662414551, 0.9983974099159241, 0.9985273480415344, 0.9981808662414551, 0.9986140131950378, 0.9981808662414551, 0.9980509281158447, 0.9978343844413757, 0.9977477192878723, 0.9979209899902344], "val_loss": [34.274253845214844, 21.292009353637695, 20.45803451538086, 24.779273986816406, 19.347469329833984, 18.47233772277832, 21.086589813232422, 18.14059829711914, 27.746366500854492, 20.539567947387695, 21.097564697265625, 31.33389663696289, 21.990886688232422, 23.52708625793457, 17.697078704833984, 25.922321319580078, 18.478822708129883, 23.75946807861328, 18.96440887451172, 18.33852195739746, 19.831098556518555, 15.796255111694336, 20.350139617919922, 18.26889991760254, 17.501426696777344, 18.763154983520508, 27.975908279418945, 15.943490028381348, 18.5513858795166, 19.18602180480957], "val_accuracy": [0.15413925051689148, 0.15552476048469543, 0.15794943273067474, 0.15829581022262573, 0.17249740660190582, 0.17111188173294067, 0.16279874742031097, 0.17076550424098969, 0.15483200550079346, 0.1728437840938568, 0.1700727343559265, 0.15864218771457672, 0.18011777102947235, 0.1759612113237381, 0.21995151042938232, 0.16834083199501038, 0.2206442654132843, 0.18254242837429047, 0.22965015470981598, 0.24419812858104706, 0.20782819390296936, 0.2715621888637543, 0.22410807013511658, 0.2507793605327606, 0.2622098922729492, 0.257360577583313, 0.1842743307352066, 0.28126081824302673, 0.26705923676490784, 0.2535504102706909]}