{"loss": [0.11515576392412186, 0.195815771818161, 0.10082613676786423, 0.07785633206367493, 0.04533468186855316, 0.05577772110700607, 0.03985452279448509, 0.046974752098321915, 0.05469059199094772, 0.044966261833906174, 0.04643760249018669, 0.04743047058582306, 0.038657788187265396, 0.04828774929046631, 0.03601453825831413, 0.034448981285095215, 0.041485950350761414, 0.038968708366155624, 0.04037905111908913, 0.0324292853474617, 0.04464178532361984, 0.04044457525014877, 0.047585103660821915, 0.04617512598633766, 0.05835265293717384, 0.05943947657942772, 0.05549154803156853, 0.04151780530810356, 0.042093776166439056, 0.04407652094960213], "accuracy": [0.997357964515686, 0.9964916706085205, 0.9975311756134033, 0.997617781162262, 0.9983974099159241, 0.9978776574134827, 0.9982241988182068, 0.9980509281158447, 0.9977044463157654, 0.9978776574134827, 0.9979209899902344, 0.9978343844413757, 0.9979209899902344, 0.997617781162262, 0.9981808662414551, 0.9982241988182068, 0.9979209899902344, 0.998007595539093, 0.9980509281158447, 0.9982241988182068, 0.9976611137390137, 0.998007595539093, 0.9977477192878723, 0.9976611137390137, 0.997401237487793, 0.997357964515686, 0.997357964515686, 0.997791051864624, 0.9975311756134033, 0.9974878430366516], "val_loss": [93.29786682128906, 66.03678894042969, 61.8231201171875, 43.48502731323242, 36.74869918823242, 33.690948486328125, 49.69921875, 58.09804916381836, 35.68016815185547, 47.51118850708008, 40.73439025878906, 41.660030364990234, 39.89356231689453, 42.230255126953125, 39.8996467590332, 45.26594924926758, 42.96049118041992, 53.13960647583008, 41.48823165893555, 48.90357208251953, 57.698307037353516, 42.564422607421875, 53.334999084472656, 50.46889114379883, 62.622154235839844, 65.91548156738281, 54.16648864746094, 49.68956756591797, 49.374664306640625, 52.437408447265625], "val_accuracy": [0.15413925051689148, 0.15413925051689148, 0.15413925051689148, 0.15483200550079346, 0.16279874742031097, 0.16522341966629028, 0.15760305523872375, 0.15517838299274445, 0.17180463671684265, 0.16349151730537415, 0.1673016995191574, 0.16834083199501038, 0.17111188173294067, 0.16903360188007355, 0.17561481893062592, 0.1700727343559265, 0.16937997937202454, 0.1673016995191574, 0.18565985560417175, 0.1763075888156891, 0.1645306497812271, 0.18392795324325562, 0.16695532202720642, 0.17422930896282196, 0.16349151730537415, 0.16141323745250702, 0.17665396630764008, 0.18115690350532532, 0.1818496733903885, 0.18254242837429047]}