{"loss": [0.05307353660464287, 0.05597805231809616, 0.030942728742957115, 0.023509128019213676, 0.016207298263907433, 0.016207817941904068, 0.01196237001568079, 0.009416085667908192, 0.007983531802892685, 0.009854908101260662, 0.0069934409111738205, 0.008113651536405087, 0.0056353905238211155, 0.008183345198631287, 0.008853496983647346, 0.005611831322312355, 0.00492134178057313, 0.009711346589028835, 0.009164251387119293, 0.008606461808085442, 0.007636866066604853, 0.007300007622689009, 0.006711466703563929, 0.007084290497004986, 0.006816691718995571, 0.00638899952173233, 0.005158350802958012, 0.010109552182257175, 0.0067193638533353806, 0.010035774670541286], "accuracy": [0.997401237487793, 0.9970547556877136, 0.9977044463157654, 0.997791051864624, 0.9983974099159241, 0.9983974099159241, 0.9984840750694275, 0.9987872242927551, 0.9990471005439758, 0.9986572861671448, 0.9986572861671448, 0.9986140131950378, 0.9989171624183655, 0.9986140131950378, 0.9984407424926758, 0.9987872242927551, 0.9987872242927551, 0.9983108043670654, 0.9981375336647034, 0.9981808662414551, 0.9987006187438965, 0.9986572861671448, 0.9986140131950378, 0.9984407424926758, 0.9985706806182861, 0.9985273480415344, 0.9985273480415344, 0.9980942606925964, 0.9983541369438171, 0.9979643225669861], "val_loss": [35.18474197387695, 19.946002960205078, 18.823545455932617, 16.739660263061523, 25.170421600341797, 18.17112159729004, 16.569374084472656, 17.830015182495117, 20.796110153198242, 19.536476135253906, 18.36627769470215, 15.781179428100586, 19.531099319458008, 22.278871536254883, 21.242769241333008, 18.370038986206055, 22.471620559692383, 34.05672836303711, 21.158985137939453, 21.374792098999023, 18.307607650756836, 22.862682342529297, 18.533611297607422, 21.552406311035156, 16.32117462158203, 23.26056671142578, 21.843076705932617, 23.626628875732422, 20.988554000854492, 16.215923309326172], "val_accuracy": [0.15413925051689148, 0.15691028535366058, 0.16002771258354187, 0.16591617465019226, 0.15794943273067474, 0.17076550424098969, 0.17942501604557037, 0.18254242837429047, 0.17388291656970978, 0.1870453804731369, 0.18600623309612274, 0.20020782947540283, 0.18808451294898987, 0.17734672129154205, 0.1818496733903885, 0.1953584998846054, 0.18323519825935364, 0.16072046756744385, 0.20332525670528412, 0.20228610932826996, 0.21683408319950104, 0.1981295496225357, 0.24523727595806122, 0.20020782947540283, 0.24974021315574646, 0.20297886431217194, 0.21995151042938232, 0.20228610932826996, 0.23900242149829865, 0.2764115035533905]}