{"loss": [0.04747859388589859, 0.04589470475912094, 0.025084862485527992, 0.01915849931538105, 0.013548383489251137, 0.01342413667589426, 0.011924657970666885, 0.009455444291234016, 0.007765022572129965, 0.008598942309617996, 0.007256845012307167, 0.008714605122804642, 0.00802693422883749, 0.008406324312090874, 0.006862258538603783, 0.007766135968267918, 0.010261960327625275, 0.008107094094157219, 0.005374278873205185, 0.005479997955262661, 0.00546314986422658, 0.009088672697544098, 0.008084827102720737, 0.007248224690556526, 0.005030617583543062, 0.006816641427576542, 0.008965537883341312, 0.006212103180587292, 0.008967314846813679, 0.007444525137543678], "accuracy": [0.9974445700645447, 0.9972280263900757, 0.9980509281158447, 0.998007595539093, 0.9983108043670654, 0.9978343844413757, 0.9982241988182068, 0.9985273480415344, 0.9983108043670654, 0.9986140131950378, 0.9986140131950378, 0.9984840750694275, 0.9981375336647034, 0.9981375336647034, 0.9983974099159241, 0.9981808662414551, 0.9979643225669861, 0.998007595539093, 0.9984840750694275, 0.9982241988182068, 0.9987006187438965, 0.9979643225669861, 0.9982674717903137, 0.9982241988182068, 0.9983541369438171, 0.9982241988182068, 0.997791051864624, 0.9981375336647034, 0.997574508190155, 0.9982241988182068], "val_loss": [30.426429748535156, 23.792295455932617, 19.902545928955078, 22.96788215637207, 20.084989547729492, 17.51498031616211, 20.112747192382812, 17.486417770385742, 18.296937942504883, 16.924057006835938, 18.198976516723633, 22.412168502807617, 19.31460189819336, 18.34543228149414, 17.896484375, 15.606453895568848, 17.11524772644043, 20.80738067626953, 18.39776039123535, 17.31415367126465, 29.841733932495117, 23.258665084838867, 19.66292381286621, 20.286867141723633, 20.826515197753906, 18.966249465942383, 17.828523635864258, 22.304258346557617, 16.268674850463867, 25.20040512084961], "val_accuracy": [0.15413925051689148, 0.15517838299274445, 0.15760305523872375, 0.15794943273067474, 0.16072046756744385, 0.17526844143867493, 0.1676480770111084, 0.18358157575130463, 0.17111188173294067, 0.18358157575130463, 0.1759612113237381, 0.1700727343559265, 0.18392795324325562, 0.1925874650478363, 0.19466574490070343, 0.2234153151512146, 0.2119847536087036, 0.18669898808002472, 0.19951507449150085, 0.21995151042938232, 0.16972635686397552, 0.19120194017887115, 0.20159335434436798, 0.19709040224552155, 0.1981295496225357, 0.2182196080684662, 0.23865604400634766, 0.21337027847766876, 0.26082438230514526, 0.21371665596961975]}