{"loss": [0.10595370084047318, 0.16834108531475067, 0.09245477616786957, 0.0709482803940773, 0.06608640402555466, 0.039279405027627945, 0.05074113607406616, 0.0480399914085865, 0.039382047951221466, 0.0412742905318737, 0.0323350727558136, 0.040544718503952026, 0.035525158047676086, 0.03837760537862778, 0.041662782430648804, 0.037521541118621826, 0.04214264824986458, 0.03979997709393501, 0.038248080760240555, 0.04869676008820534, 0.05127860978245735, 0.046443454921245575, 0.053007982671260834, 0.03768794611096382, 0.037512607872486115, 0.041889891028404236, 0.049166012555360794, 0.06737053394317627, 0.04484793543815613, 0.05194627493619919], "accuracy": [0.9974445700645447, 0.9966649413108826, 0.997574508190155, 0.9977044463157654, 0.9977477192878723, 0.9981808662414551, 0.997791051864624, 0.998007595539093, 0.9980942606925964, 0.9980942606925964, 0.9981375336647034, 0.9980942606925964, 0.9982674717903137, 0.9980509281158447, 0.998007595539093, 0.9981808662414551, 0.9978776574134827, 0.9978776574134827, 0.9982241988182068, 0.9979209899902344, 0.9977044463157654, 0.9977477192878723, 0.9977044463157654, 0.9981808662414551, 0.9981375336647034, 0.9977044463157654, 0.9973146319389343, 0.9972280263900757, 0.997574508190155, 0.9973146319389343], "val_loss": [91.99300384521484, 65.34329223632812, 48.26115036010742, 45.886531829833984, 41.50646209716797, 39.19452667236328, 37.097373962402344, 39.27832794189453, 50.74874496459961, 42.66659927368164, 47.4156608581543, 41.38702392578125, 38.1408805847168, 36.824581146240234, 41.074527740478516, 40.65589904785156, 49.51966094970703, 33.89841842651367, 36.12629699707031, 34.55463409423828, 41.08433151245117, 35.2437629699707, 37.93375778198242, 39.37604904174805, 39.44133758544922, 33.775638580322266, 44.507667541503906, 46.74052810668945, 41.27793502807617, 50.32008361816406], "val_accuracy": [0.15413925051689148, 0.15413925051689148, 0.15552476048469543, 0.15725666284561157, 0.15760305523872375, 0.1735365390777588, 0.1763075888156891, 0.17111188173294067, 0.1589885652065277, 0.16972635686397552, 0.16141323745250702, 0.16903360188007355, 0.1873917579650879, 0.18323519825935364, 0.17492206394672394, 0.18669898808002472, 0.16245236992835999, 0.2009005844593048, 0.19986145198345184, 0.20332525670528412, 0.18531347811222076, 0.19362659752368927, 0.19501212239265442, 0.19882230460643768, 0.19328022003173828, 0.2372705191373825, 0.19639764726161957, 0.17942501604557037, 0.19951507449150085, 0.1783858686685562]}