{"loss": [0.10751017928123474, 0.19324421882629395, 0.10307632386684418, 0.06820346415042877, 0.06443898379802704, 0.04498416930437088, 0.044628750532865524, 0.04812540486454964, 0.03007475659251213, 0.04724894091486931, 0.04818544164299965, 0.04077997803688049, 0.0500483363866806, 0.029729891568422318, 0.046257469803094864, 0.042403191328048706, 0.04606449604034424, 0.032173480838537216, 0.03841552883386612, 0.03987467288970947, 0.04619831591844559, 0.04265320673584938, 0.03328310325741768, 0.04809669032692909, 0.04363056272268295, 0.04713700711727142, 0.055358368903398514, 0.048470478504896164, 0.04652870446443558, 0.042510926723480225], "accuracy": [0.9975311756134033, 0.9965350031852722, 0.997401237487793, 0.9979643225669861, 0.9978776574134827, 0.9982241988182068, 0.9982241988182068, 0.9981375336647034, 0.9984840750694275, 0.9979209899902344, 0.9979209899902344, 0.9981375336647034, 0.997617781162262, 0.9985273480415344, 0.9980942606925964, 0.9980942606925964, 0.9980509281158447, 0.9981375336647034, 0.9982241988182068, 0.9981808662414551, 0.9980509281158447, 0.9979643225669861, 0.9980942606925964, 0.9977044463157654, 0.997791051864624, 0.9977044463157654, 0.997574508190155, 0.997617781162262, 0.9977044463157654, 0.998007595539093], "val_loss": [94.12411499023438, 66.49726867675781, 55.644439697265625, 49.357513427734375, 38.59108352661133, 44.33736801147461, 44.85150146484375, 35.711936950683594, 43.767391204833984, 61.498863220214844, 46.76222229003906, 41.7601432800293, 40.28915023803711, 38.213172912597656, 40.84397888183594, 48.09415054321289, 45.72730255126953, 48.88508987426758, 61.489295959472656, 46.927371978759766, 45.28764343261719, 49.683135986328125, 41.002716064453125, 40.901161193847656, 39.35215377807617, 46.30064010620117, 39.93299865722656, 43.59206008911133, 49.66706848144531, 41.218772888183594], "val_accuracy": [0.15413925051689148, 0.15413925051689148, 0.15413925051689148, 0.15448562800884247, 0.16522341966629028, 0.15760305523872375, 0.16002771258354187, 0.16626255214214325, 0.16349151730537415, 0.15483200550079346, 0.16383789479732513, 0.1676480770111084, 0.17145825922489166, 0.17180463671684265, 0.17215102910995483, 0.17422930896282196, 0.1704191267490387, 0.1648770421743393, 0.16037409007549286, 0.16937997937202454, 0.1728437840938568, 0.1763075888156891, 0.18115690350532532, 0.18600623309612274, 0.19328022003173828, 0.18219605088233948, 0.18877728283405304, 0.18600623309612274, 0.18081052601337433, 0.19501212239265442]}