{"loss": [0.04964205250144005, 0.04790186882019043, 0.028030337765812874, 0.02011706680059433, 0.015362522564828396, 0.014817213639616966, 0.015304291620850563, 0.009067964740097523, 0.011157967150211334, 0.008319448679685593, 0.008739038370549679, 0.008155928924679756, 0.007776709273457527, 0.008448926731944084, 0.0088970847427845, 0.008209994062781334, 0.006370702292770147, 0.009550740011036396, 0.007877521216869354, 0.007458462845534086, 0.007334996480494738, 0.012755552306771278, 0.007147751282900572, 0.009841098450124264, 0.009454687125980854, 0.006297542247921228, 0.011353506706655025, 0.009493321180343628, 0.0076844701543450356, 0.0125657320022583], "accuracy": [0.997357964515686, 0.9972712993621826, 0.9976611137390137, 0.9979643225669861, 0.9981808662414551, 0.9979643225669861, 0.9983541369438171, 0.9989604949951172, 0.9983108043670654, 0.9986572861671448, 0.9983108043670654, 0.9988305568695068, 0.9984407424926758, 0.9986140131950378, 0.9983108043670654, 0.9983541369438171, 0.9988305568695068, 0.9985706806182861, 0.9985273480415344, 0.9983974099159241, 0.9983108043670654, 0.997617781162262, 0.9985273480415344, 0.9981375336647034, 0.9979209899902344, 0.9983108043670654, 0.9975311756134033, 0.9981375336647034, 0.9980942606925964, 0.9976611137390137], "val_loss": [32.22343444824219, 19.57326889038086, 22.241060256958008, 15.845157623291016, 25.12396812438965, 29.967695236206055, 19.146223068237305, 24.713903427124023, 19.042522430419922, 21.041521072387695, 19.08420753479004, 23.96700096130371, 22.214109420776367, 29.831050872802734, 20.140419006347656, 17.898967742919922, 15.396184921264648, 17.11086654663086, 20.628494262695312, 18.89175033569336, 17.32889747619629, 27.255582809448242, 22.419784545898438, 21.160015106201172, 19.67631721496582, 25.8289794921875, 17.71933937072754, 16.227188110351562, 27.753625869750977, 19.010639190673828], "val_accuracy": [0.15413925051689148, 0.15725666284561157, 0.16002771258354187, 0.18288880586624146, 0.15691028535366058, 0.15483200550079346, 0.18600623309612274, 0.16418427228927612, 0.19882230460643768, 0.19743677973747253, 0.19986145198345184, 0.18912366032600403, 0.2009005844593048, 0.16868722438812256, 0.2178732305765152, 0.2431589812040329, 0.2684447467327118, 0.26082438230514526, 0.23796328902244568, 0.24142709374427795, 0.2590924799442291, 0.1929338425397873, 0.23657776415348053, 0.24454450607299805, 0.2483546882867813, 0.2151021808385849, 0.27745065093040466, 0.28091445565223694, 0.2202978879213333, 0.2739868462085724]}