{"loss": [0.044484518468379974, 0.041836634278297424, 0.02823050506412983, 0.018392229452729225, 0.013202276080846786, 0.010276312939822674, 0.008705556392669678, 0.008891240693628788, 0.0074813892133533955, 0.0076995776034891605, 0.008831994608044624, 0.0066682118922472, 0.007912789471447468, 0.006673438940197229, 0.0064786276780068874, 0.005816393997520208, 0.004372727125883102, 0.006097764708101749, 0.007964410819113255, 0.006291401572525501, 0.0072259544394910336, 0.006096316035836935, 0.007098778150975704, 0.007830623537302017, 0.006165694911032915, 0.007581799291074276, 0.009823506698012352, 0.007980842143297195, 0.007646136451512575, 0.00795724242925644], "accuracy": [0.997574508190155, 0.997401237487793, 0.9977044463157654, 0.9981375336647034, 0.9981808662414551, 0.9983541369438171, 0.9985706806182861, 0.9984840750694275, 0.9988738894462585, 0.9983108043670654, 0.9982241988182068, 0.9984407424926758, 0.9983974099159241, 0.9983974099159241, 0.9984840750694275, 0.9984840750694275, 0.9986140131950378, 0.9986572861671448, 0.9982674717903137, 0.9982241988182068, 0.9979209899902344, 0.9982241988182068, 0.9980509281158447, 0.9980942606925964, 0.9984407424926758, 0.9986140131950378, 0.9974445700645447, 0.9981375336647034, 0.9978776574134827, 0.9981808662414551], "val_loss": [28.393146514892578, 20.34771156311035, 22.48824119567871, 19.859006881713867, 22.086284637451172, 18.548255920410156, 18.715255737304688, 19.071455001831055, 20.824514389038086, 16.022005081176758, 17.07210922241211, 16.39146614074707, 17.466201782226562, 17.163986206054688, 17.106834411621094, 19.639333724975586, 16.851137161254883, 27.35002899169922, 23.807952880859375, 16.48516082763672, 19.518535614013672, 19.67494010925293, 20.987125396728516, 17.786792755126953, 14.875688552856445, 31.4666805267334, 19.45209312438965, 16.32522201538086, 20.273658752441406, 22.432592391967773], "val_accuracy": [0.15413925051689148, 0.15552476048469543, 0.15968133509159088, 0.16141323745250702, 0.15829581022262573, 0.16868722438812256, 0.1676480770111084, 0.16937997937202454, 0.16937997937202454, 0.1984759271144867, 0.19085556268692017, 0.1953584998846054, 0.18669898808002472, 0.19709040224552155, 0.20193973183631897, 0.18773813545703888, 0.20332525670528412, 0.1700727343559265, 0.19050918519496918, 0.22514721751213074, 0.20540353655815125, 0.19882230460643768, 0.2012469619512558, 0.22999653220176697, 0.26359543204307556, 0.17977139353752136, 0.22757187485694885, 0.25251126289367676, 0.2202978879213333, 0.21440942585468292]}