{"loss": [0.0523337721824646, 0.05590952932834625, 0.027942543849349022, 0.02322862483561039, 0.01705247350037098, 0.014900661073625088, 0.012207434512674809, 0.01162714697420597, 0.008751660585403442, 0.007674349471926689, 0.008074567653238773, 0.0067117721773684025, 0.006981072016060352, 0.008467350155115128, 0.007557929027825594, 0.008987655863165855, 0.006956649012863636, 0.006176302675157785, 0.006278960034251213, 0.007340507116168737, 0.00877893716096878, 0.008585480973124504, 0.005699571222066879, 0.00712650828063488, 0.007313358131796122, 0.006866741925477982, 0.004871146287769079, 0.00772009277716279, 0.008077416568994522, 0.007790367119014263], "accuracy": [0.997574508190155, 0.9970547556877136, 0.9978343844413757, 0.9978343844413757, 0.9980942606925964, 0.9982674717903137, 0.9984407424926758, 0.9984407424926758, 0.9990038275718689, 0.9988305568695068, 0.9986140131950378, 0.9989604949951172, 0.9985706806182861, 0.9984840750694275, 0.9985706806182861, 0.9984840750694275, 0.9988305568695068, 0.9986572861671448, 0.9988738894462585, 0.9985273480415344, 0.9983974099159241, 0.9984407424926758, 0.9985273480415344, 0.9984840750694275, 0.9985273480415344, 0.9985706806182861, 0.9984840750694275, 0.9981808662414551, 0.9986140131950378, 0.9986140131950378], "val_loss": [34.402008056640625, 21.959604263305664, 24.86448097229004, 21.827228546142578, 17.169113159179688, 18.406139373779297, 17.16317367553711, 25.77998161315918, 19.383800506591797, 21.933534622192383, 24.474506378173828, 19.839780807495117, 17.540756225585938, 22.208105087280273, 28.45981216430664, 21.160594940185547, 22.43410301208496, 21.357458114624023, 20.272165298461914, 19.932680130004883, 18.469655990600586, 19.67247772216797, 23.37270164489746, 18.568941116333008, 17.39958953857422, 17.111249923706055, 17.771944046020508, 18.351303100585938, 17.066200256347656, 31.59031867980957], "val_accuracy": [0.15413925051689148, 0.15552476048469543, 0.15517838299274445, 0.15829581022262573, 0.1846207082271576, 0.18011777102947235, 0.18843089044094086, 0.15864218771457672, 0.17076550424098969, 0.1648770421743393, 0.1673016995191574, 0.18843089044094086, 0.2092137187719345, 0.17388291656970978, 0.1673016995191574, 0.19605126976966858, 0.18912366032600403, 0.1953584998846054, 0.20574991405010223, 0.2206442654132843, 0.22965015470981598, 0.2182196080684662, 0.20332525670528412, 0.23242120444774628, 0.2428126037120819, 0.25770696997642517, 0.24662278592586517, 0.2431589812040329, 0.2677519917488098, 0.18565985560417175]}