{"loss": [0.04793062061071396, 0.04478025436401367, 0.02633635327219963, 0.01756233163177967, 0.015930401161313057, 0.017300037667155266, 0.014116527512669563, 0.01110956072807312, 0.009007716551423073, 0.009454856626689434, 0.010890080593526363, 0.007192661985754967, 0.010109290480613708, 0.007993075996637344, 0.007036751601845026, 0.008091445080935955, 0.006686697248369455, 0.012593759223818779, 0.00828853901475668, 0.007044705096632242, 0.008263655006885529, 0.006503822281956673, 0.008595434948801994, 0.01028929091989994, 0.00845690630376339, 0.009282423183321953, 0.013353157788515091, 0.011296321637928486, 0.008157273754477501, 0.014261271804571152], "accuracy": [0.9975311756134033, 0.9973146319389343, 0.9977044463157654, 0.9980509281158447, 0.998007595539093, 0.9979209899902344, 0.9980509281158447, 0.9983108043670654, 0.9982241988182068, 0.9983974099159241, 0.9980509281158447, 0.9987006187438965, 0.9981375336647034, 0.9984840750694275, 0.9985273480415344, 0.9982241988182068, 0.9983108043670654, 0.998007595539093, 0.9979209899902344, 0.9984840750694275, 0.9980942606925964, 0.9984407424926758, 0.9982674717903137, 0.9978776574134827, 0.9981375336647034, 0.998007595539093, 0.9977477192878723, 0.998007595539093, 0.9981375336647034, 0.997617781162262], "val_loss": [31.3665714263916, 20.698219299316406, 19.142932891845703, 23.015987396240234, 18.27336883544922, 18.95867156982422, 17.406150817871094, 16.706632614135742, 16.086978912353516, 29.294010162353516, 18.696887969970703, 25.07838249206543, 21.564306259155273, 16.86551284790039, 22.5609188079834, 16.61682891845703, 20.919452667236328, 20.82016372680664, 20.66382598876953, 23.39638900756836, 18.84362030029297, 22.064924240112305, 21.978729248046875, 18.12769317626953, 19.618349075317383, 19.084911346435547, 17.21124267578125, 29.20914649963379, 26.22433853149414, 17.597919464111328], "val_accuracy": [0.15413925051689148, 0.1589885652065277, 0.16314513981342316, 0.15517838299274445, 0.17076550424098969, 0.18081052601337433, 0.19050918519496918, 0.19639764726161957, 0.21891236305236816, 0.18219605088233948, 0.21163837611675262, 0.17769311368465424, 0.19916868209838867, 0.23276758193969727, 0.19951507449150085, 0.24489088356494904, 0.21267752349376678, 0.2099064737558365, 0.21648770570755005, 0.2151021808385849, 0.23311395943164825, 0.22202979028224945, 0.21683408319950104, 0.2483546882867813, 0.24696917831897736, 0.24385175108909607, 0.2757187485694885, 0.19882230460643768, 0.23276758193969727, 0.28299272060394287]}