{"loss": [0.047378286719322205, 0.04357626661658287, 0.025518201291561127, 0.01618235558271408, 0.012223576195538044, 0.011787776835262775, 0.014019503258168697, 0.008232773281633854, 0.010576610453426838, 0.011056240648031235, 0.007373013533651829, 0.009931874461472034, 0.011161033995449543, 0.005881255958229303, 0.005393223371356726, 0.00683399336412549, 0.005839614663273096, 0.007146512158215046, 0.00703339371830225, 0.006383783649653196, 0.00978352501988411, 0.007192941382527351, 0.006607685703784227, 0.0064168283715844154, 0.007565125823020935, 0.00850705336779356, 0.007483367808163166, 0.007919097319245338, 0.006789301987737417, 0.008246988989412785], "accuracy": [0.997574508190155, 0.9974445700645447, 0.9976611137390137, 0.9981808662414551, 0.9983108043670654, 0.9983108043670654, 0.9980509281158447, 0.9985706806182861, 0.9985273480415344, 0.997791051864624, 0.9987006187438965, 0.9979643225669861, 0.998007595539093, 0.9984840750694275, 0.9984407424926758, 0.9981808662414551, 0.9984407424926758, 0.9983108043670654, 0.9983541369438171, 0.9981808662414551, 0.998007595539093, 0.9982674717903137, 0.9981808662414551, 0.9983108043670654, 0.9980509281158447, 0.9980509281158447, 0.9980942606925964, 0.9982241988182068, 0.998007595539093, 0.997791051864624], "val_loss": [30.954282760620117, 22.60008430480957, 22.020139694213867, 19.86390495300293, 21.108633041381836, 23.177812576293945, 17.63309669494629, 19.71512222290039, 23.422739028930664, 17.04342269897461, 23.210601806640625, 30.51407241821289, 21.18947982788086, 21.094575881958008, 25.255590438842773, 16.132099151611328, 18.330392837524414, 18.235960006713867, 21.750463485717773, 27.636476516723633, 26.199182510375977, 21.970293045043945, 18.55086326599121, 19.644365310668945, 22.44707489013672, 24.945646286010742, 22.186668395996094, 18.24828338623047, 22.80459213256836, 21.5732364654541], "val_accuracy": [0.15413925051689148, 0.1562175303697586, 0.15552476048469543, 0.16245236992835999, 0.15691028535366058, 0.1562175303697586, 0.17388291656970978, 0.16868722438812256, 0.16660892963409424, 0.1870453804731369, 0.18531347811222076, 0.15794943273067474, 0.1735365390777588, 0.17942501604557037, 0.17180463671684265, 0.22445444762706757, 0.19778317213058472, 0.21129199862480164, 0.19986145198345184, 0.19154831767082214, 0.17803949117660522, 0.22549359500408173, 0.22445444762706757, 0.23242120444774628, 0.20540353655815125, 0.18947003781795502, 0.21406304836273193, 0.26359543204307556, 0.2206442654132843, 0.22272254526615143]}