{"loss": [0.19218476116657257, 0.3026595413684845, 0.21915127336978912, 0.17022472620010376, 0.14038072526454926, 0.12651033699512482, 0.11619874835014343, 0.11049429327249527, 0.07553882896900177, 0.11014745384454727, 0.07480277866125107, 0.08870889246463776, 0.09238024055957794, 0.09199582040309906, 0.10246545076370239, 0.10167817026376724, 0.09477619081735611, 0.09074533730745316, 0.08712047338485718, 0.09055908024311066, 0.08851877599954605, 0.08084556460380554, 0.09156865626573563, 0.07279860973358154, 0.10786591470241547, 0.10434968769550323, 0.09969405084848404, 0.10512534528970718, 0.09013216197490692, 0.09946897625923157], "accuracy": [0.997357964515686, 0.9965783357620239, 0.9970980882644653, 0.9975311756134033, 0.997617781162262, 0.997791051864624, 0.9978343844413757, 0.9980509281158447, 0.9983108043670654, 0.9978776574134827, 0.9982674717903137, 0.9980942606925964, 0.997791051864624, 0.9979209899902344, 0.997791051864624, 0.9978343844413757, 0.9979643225669861, 0.9979643225669861, 0.9983541369438171, 0.9980509281158447, 0.9981375336647034, 0.9980942606925964, 0.9979209899902344, 0.9981808662414551, 0.9977477192878723, 0.9977477192878723, 0.997791051864624, 0.997617781162262, 0.9978343844413757, 0.9977477192878723], "val_loss": [143.38731384277344, 109.41937255859375, 99.72859954833984, 87.63590240478516, 77.1012954711914, 67.0483169555664, 68.92512512207031, 73.86068725585938, 103.39259338378906, 63.54874801635742, 56.935279846191406, 82.95562744140625, 88.92266845703125, 96.50369262695312, 79.61873626708984, 58.018211364746094, 83.37322998046875, 75.15960693359375, 59.01040267944336, 82.47189331054688, 62.40187072753906, 71.30525207519531, 53.96025848388672, 94.66356658935547, 59.9146614074707, 91.4504165649414, 78.44611358642578, 73.75932312011719, 63.55924606323242, 70.01839447021484], "val_accuracy": [0.15413925051689148, 0.15413925051689148, 0.15413925051689148, 0.15448562800884247, 0.15517838299274445, 0.161759614944458, 0.15517838299274445, 0.15517838299274445, 0.15483200550079346, 0.16695532202720642, 0.1673016995191574, 0.15760305523872375, 0.15725666284561157, 0.15587115287780762, 0.161759614944458, 0.18115690350532532, 0.16037409007549286, 0.1673016995191574, 0.1731901615858078, 0.16522341966629028, 0.17388291656970978, 0.17561481893062592, 0.2064426690340042, 0.16141323745250702, 0.1842743307352066, 0.162105992436409, 0.16834083199501038, 0.16937997937202454, 0.1783858686685562, 0.19120194017887115]}