{"loss": [0.04563922807574272, 0.03912444785237312, 0.03084971010684967, 0.021496402099728584, 0.01842578500509262, 0.013706051744520664, 0.013490702956914902, 0.012760249897837639, 0.0148905785754323, 0.01052384078502655, 0.009127967059612274, 0.010673947632312775, 0.009198137558996677, 0.009005327709019184, 0.00934305228292942, 0.007358476985245943, 0.007002129219472408, 0.009634898044168949, 0.00811308529227972, 0.008491824381053448, 0.011834442615509033, 0.008705984801054, 0.00932283140718937, 0.008553002029657364, 0.01120169460773468, 0.008842355571687222, 0.010738736018538475, 0.01106540858745575, 0.010136539116501808, 0.008901722729206085], "accuracy": [0.9974878430366516, 0.9974878430366516, 0.9974445700645447, 0.9978343844413757, 0.9977044463157654, 0.9983541369438171, 0.9982241988182068, 0.9982241988182068, 0.9981375336647034, 0.9981808662414551, 0.9984407424926758, 0.9983974099159241, 0.9983974099159241, 0.9981808662414551, 0.9977477192878723, 0.9984407424926758, 0.9983541369438171, 0.9979643225669861, 0.9981375336647034, 0.9982241988182068, 0.9980509281158447, 0.9980942606925964, 0.9981375336647034, 0.9979209899902344, 0.9974445700645447, 0.998007595539093, 0.997791051864624, 0.997574508190155, 0.9978776574134827, 0.9977477192878723], "val_loss": [29.858793258666992, 18.806486129760742, 18.59047508239746, 18.14360237121582, 27.073122024536133, 25.763078689575195, 22.01625633239746, 24.59224510192871, 23.333946228027344, 20.268970489501953, 21.54361343383789, 20.512378692626953, 21.6119327545166, 20.44174575805664, 22.69656753540039, 18.35075569152832, 21.827686309814453, 19.42258071899414, 22.849609375, 16.094829559326172, 19.383193969726562, 24.680747985839844, 21.775856018066406, 27.580608367919922, 18.67082405090332, 21.11448097229004, 19.88747215270996, 20.96907615661621, 19.57950210571289, 19.679563522338867], "val_accuracy": [0.15413925051689148, 0.15760305523872375, 0.161759614944458, 0.1645306497812271, 0.15552476048469543, 0.1589885652065277, 0.16903360188007355, 0.17145825922489166, 0.1648770421743393, 0.1815032958984375, 0.17977139353752136, 0.18288880586624146, 0.1957048773765564, 0.18877728283405304, 0.19986145198345184, 0.21025285124778748, 0.18392795324325562, 0.2009005844593048, 0.1957048773765564, 0.2487010806798935, 0.2320748120546341, 0.19986145198345184, 0.22722549736499786, 0.1815032958984375, 0.23242120444774628, 0.2237616926431656, 0.24454450607299805, 0.2348458617925644, 0.23276758193969727, 0.23588500916957855]}