{"loss": [0.04824965447187424, 0.046640604734420776, 0.02685004472732544, 0.019775979220867157, 0.01776106469333172, 0.011066856794059277, 0.011680376715958118, 0.009839853271842003, 0.010882426984608173, 0.009289410896599293, 0.010448044165968895, 0.007230282761156559, 0.007920165546238422, 0.009431600570678711, 0.010143301449716091, 0.008940748870372772, 0.008779537864029408, 0.011674732901155949, 0.009245489723980427, 0.011275756172835827, 0.012001236900687218, 0.011315269395709038, 0.00871981680393219, 0.011793792247772217, 0.009678450413048267, 0.008798751048743725, 0.008868926204741001, 0.016280697658658028, 0.009555801749229431, 0.010440290905535221], "accuracy": [0.997401237487793, 0.9973146319389343, 0.997617781162262, 0.9979643225669861, 0.9978776574134827, 0.9983974099159241, 0.9982674717903137, 0.9985706806182861, 0.9984407424926758, 0.9981375336647034, 0.9981808662414551, 0.9986140131950378, 0.9983974099159241, 0.9983541369438171, 0.9981375336647034, 0.9981808662414551, 0.9983108043670654, 0.9979209899902344, 0.9982241988182068, 0.9980942606925964, 0.9978343844413757, 0.9978343844413757, 0.9982241988182068, 0.9978776574134827, 0.9978776574134827, 0.9979643225669861, 0.9979643225669861, 0.9975311756134033, 0.9977477192878723, 0.9976611137390137], "val_loss": [32.3434944152832, 20.397186279296875, 17.694902420043945, 18.27926254272461, 17.817018508911133, 20.64288902282715, 15.586645126342773, 16.087331771850586, 18.385936737060547, 18.398536682128906, 18.693092346191406, 18.397754669189453, 19.936054229736328, 18.81832504272461, 21.109310150146484, 20.59482192993164, 17.634933471679688, 22.8037052154541, 18.748010635375977, 19.53712272644043, 19.138967514038086, 18.05381965637207, 21.779550552368164, 22.79983901977539, 22.52299690246582, 19.654542922973633, 19.980562210083008, 26.283681869506836, 23.928369522094727, 24.403717041015625], "val_accuracy": [0.15413925051689148, 0.15691028535366058, 0.16383789479732513, 0.16418427228927612, 0.1759612113237381, 0.16106684505939484, 0.18081052601337433, 0.1783858686685562, 0.17700034379959106, 0.17769311368465424, 0.18773813545703888, 0.18531347811222076, 0.1842743307352066, 0.18947003781795502, 0.1787322461605072, 0.190162792801857, 0.21302390098571777, 0.1790786236524582, 0.2182196080684662, 0.20574991405010223, 0.2202978879213333, 0.23068930208683014, 0.20713543891906738, 0.2064426690340042, 0.21406304836273193, 0.2320748120546341, 0.22826462984085083, 0.19362659752368927, 0.21614132821559906, 0.2206442654132843]}