{"loss": [0.050768524408340454, 0.04606874659657478, 0.027096739038825035, 0.02276475355029106, 0.021825024858117104, 0.014276585541665554, 0.012021955102682114, 0.010718373581767082, 0.021864941343665123, 0.009482677094638348, 0.010754688642919064, 0.007009121589362621, 0.009011645801365376, 0.006693433038890362, 0.007960201241075993, 0.008253317326307297, 0.00946913380175829, 0.00787641666829586, 0.006028306670486927, 0.01010941993445158, 0.007397990673780441, 0.005547289736568928, 0.006010608747601509, 0.008355893194675446, 0.011004273779690266, 0.009240864776074886, 0.010003146715462208, 0.00933536421507597, 0.00821307860314846, 0.00608998816460371], "accuracy": [0.9974878430366516, 0.997357964515686, 0.9977044463157654, 0.9977477192878723, 0.9977044463157654, 0.9982241988182068, 0.9987006187438965, 0.9986572861671448, 0.9977477192878723, 0.9983541369438171, 0.9982241988182068, 0.9987006187438965, 0.9985273480415344, 0.9986572861671448, 0.9984407424926758, 0.9985706806182861, 0.9980942606925964, 0.9985273480415344, 0.9987439513206482, 0.9983108043670654, 0.9983541369438171, 0.9986140131950378, 0.9985706806182861, 0.9983108043670654, 0.998007595539093, 0.998007595539093, 0.9982241988182068, 0.998007595539093, 0.9981808662414551, 0.9983974099159241], "val_loss": [32.883338928222656, 19.60150146484375, 21.667001724243164, 20.16963768005371, 17.29949951171875, 17.030986785888672, 19.199420928955078, 36.92176055908203, 20.861520767211914, 23.19249725341797, 19.057790756225586, 25.065725326538086, 18.343183517456055, 27.028417587280273, 21.50151252746582, 30.188812255859375, 20.11424446105957, 16.883676528930664, 19.811119079589844, 21.410667419433594, 18.24655532836914, 19.81328010559082, 22.316762924194336, 24.020341873168945, 23.052825927734375, 21.38309097290039, 22.550899505615234, 25.145227432250977, 24.208391189575195, 19.477434158325195], "val_accuracy": [0.15413925051689148, 0.15725666284561157, 0.15864218771457672, 0.16626255214214325, 0.17665396630764008, 0.17769311368465424, 0.1731901615858078, 0.1645306497812271, 0.17145825922489166, 0.1759612113237381, 0.18635261058807373, 0.1645306497812271, 0.19639764726161957, 0.1648770421743393, 0.190162792801857, 0.1593349426984787, 0.19328022003173828, 0.2261863499879837, 0.21337027847766876, 0.1925874650478363, 0.22757187485694885, 0.20193973183631897, 0.19639764726161957, 0.2040180116891861, 0.19778317213058472, 0.21683408319950104, 0.21925874054431915, 0.20297886431217194, 0.20263248682022095, 0.24385175108909607]}