{"loss": [0.10565204918384552, 0.15004342794418335, 0.10354261100292206, 0.05991404876112938, 0.04142043739557266, 0.046218391507864, 0.06366486847400665, 0.03578951209783554, 0.04721697047352791, 0.033215802162885666, 0.04191780090332031, 0.029872363433241844, 0.04550329968333244, 0.0443221814930439, 0.03227436542510986, 0.056835342198610306, 0.03305428475141525, 0.04330518841743469, 0.03741690143942833, 0.03798092529177666, 0.03671281412243843, 0.041240353137254715, 0.05554948002099991, 0.04966313764452934, 0.05284217372536659, 0.039886604994535446, 0.04727484658360481, 0.05498116463422775, 0.056954123079776764, 0.07185374200344086], "accuracy": [0.9974445700645447, 0.9969248175621033, 0.9973146319389343, 0.9979209899902344, 0.9984407424926758, 0.9978776574134827, 0.9975311756134033, 0.9982674717903137, 0.9978343844413757, 0.9983541369438171, 0.9978776574134827, 0.9982674717903137, 0.997791051864624, 0.9977044463157654, 0.9978776574134827, 0.9974878430366516, 0.9981808662414551, 0.9978343844413757, 0.9980509281158447, 0.9980509281158447, 0.9979209899902344, 0.9979209899902344, 0.9975311756134033, 0.9977044463157654, 0.9974878430366516, 0.997791051864624, 0.9975311756134033, 0.9975311756134033, 0.9974445700645447, 0.996968150138855], "val_loss": [84.34219360351562, 62.72536849975586, 43.556522369384766, 42.7830810546875, 40.18510437011719, 52.74099349975586, 43.4515380859375, 45.534725189208984, 44.86640167236328, 38.16908264160156, 44.97911071777344, 41.76982879638672, 46.07501220703125, 45.9251594543457, 47.90107727050781, 45.56718826293945, 33.76901626586914, 35.076900482177734, 40.213199615478516, 41.665077209472656, 33.370155334472656, 43.92946243286133, 40.72101974487305, 35.777435302734375, 38.37834548950195, 37.586151123046875, 45.31296157836914, 40.85824203491211, 48.44081115722656, 38.907127380371094], "val_accuracy": [0.15413925051689148, 0.15413925051689148, 0.1562175303697586, 0.15552476048469543, 0.162105992436409, 0.15725666284561157, 0.1648770421743393, 0.1645306497812271, 0.16314513981342316, 0.1700727343559265, 0.1589885652065277, 0.16383789479732513, 0.16349151730537415, 0.1787322461605072, 0.16037409007549286, 0.1648770421743393, 0.18358157575130463, 0.18808451294898987, 0.17492206394672394, 0.16937997937202454, 0.20263248682022095, 0.17769311368465424, 0.189816415309906, 0.2178732305765152, 0.20297886431217194, 0.21302390098571777, 0.20193973183631897, 0.2147558033466339, 0.18947003781795502, 0.2151021808385849]}