{"loss": [0.049527112394571304, 0.05250108987092972, 0.030293922871351242, 0.019280999898910522, 0.018489019945263863, 0.014187597669661045, 0.014727613888680935, 0.011193586513400078, 0.009377106092870235, 0.011694546788930893, 0.009678531438112259, 0.008880434557795525, 0.00917050801217556, 0.007656611502170563, 0.007710144855082035, 0.007773035671561956, 0.006271718069911003, 0.008313455618917942, 0.009121470153331757, 0.009478854946792126, 0.007850115187466145, 0.008080852217972279, 0.009619171731173992, 0.010310117155313492, 0.011137261986732483, 0.007648617494851351, 0.010393460281193256, 0.008030015043914318, 0.009083358570933342, 0.007921356707811356], "accuracy": [0.9975311756134033, 0.9971413612365723, 0.997617781162262, 0.9979209899902344, 0.998007595539093, 0.9984407424926758, 0.9981808662414551, 0.9984840750694275, 0.9985706806182861, 0.9986140131950378, 0.9984407424926758, 0.9987006187438965, 0.9983974099159241, 0.9987439513206482, 0.9986572861671448, 0.9984407424926758, 0.9987006187438965, 0.9985273480415344, 0.9983541369438171, 0.9981375336647034, 0.9983108043670654, 0.9982674717903137, 0.9982241988182068, 0.9976611137390137, 0.9978776574134827, 0.9981808662414551, 0.9978776574134827, 0.9985706806182861, 0.9979643225669861, 0.9983108043670654], "val_loss": [35.044639587402344, 20.322404861450195, 15.499272346496582, 17.58383560180664, 18.707456588745117, 21.37043571472168, 19.756013870239258, 17.10333824157715, 17.807790756225586, 16.281797409057617, 17.83905792236328, 28.2377986907959, 17.618555068969727, 17.676761627197266, 21.579816818237305, 18.642988204956055, 20.187149047851562, 17.719013214111328, 23.321319580078125, 28.122188568115234, 19.273155212402344, 20.544221878051758, 19.385147094726562, 22.40696907043457, 18.926355361938477, 20.370807647705078, 20.668636322021484, 19.47441291809082, 20.89925193786621, 17.244958877563477], "val_accuracy": [0.15413925051689148, 0.1565639078617096, 0.1679944545030594, 0.16868722438812256, 0.16937997937202454, 0.1679944545030594, 0.1700727343559265, 0.18773813545703888, 0.17561481893062592, 0.19466574490070343, 0.19639764726161957, 0.15829581022262573, 0.20886734127998352, 0.20228610932826996, 0.1842743307352066, 0.20159335434436798, 0.19431936740875244, 0.20609629154205322, 0.18219605088233948, 0.17388291656970978, 0.21579493582248688, 0.20055420696735382, 0.2154485583305359, 0.20782819390296936, 0.23068930208683014, 0.21025285124778748, 0.22237616777420044, 0.23657776415348053, 0.2123311460018158, 0.24627640843391418]}