{"loss": [0.11912637203931808, 0.17347769439220428, 0.08937766402959824, 0.06057225912809372, 0.04673745855689049, 0.04775318503379822, 0.045927733182907104, 0.04320177063345909, 0.03078465163707733, 0.029923420399427414, 0.036089763045310974, 0.031629402190446854, 0.03360616788268089, 0.03950795531272888, 0.029363995417952538, 0.04239813610911369, 0.034120433032512665, 0.03742846101522446, 0.03909825533628464, 0.054448794573545456, 0.03844278305768967, 0.040938928723335266, 0.0368242971599102, 0.04852106049656868, 0.0497874990105629, 0.05993828549981117, 0.04201461747288704, 0.052056051790714264, 0.048308346420526505, 0.07037364691495895], "accuracy": [0.997401237487793, 0.9967082738876343, 0.9976611137390137, 0.9979209899902344, 0.9980942606925964, 0.9979643225669861, 0.998007595539093, 0.9980509281158447, 0.9984407424926758, 0.9983974099159241, 0.9980942606925964, 0.9983974099159241, 0.9982674717903137, 0.998007595539093, 0.9983108043670654, 0.9978343844413757, 0.9981375336647034, 0.9980509281158447, 0.997617781162262, 0.9974878430366516, 0.997791051864624, 0.9979209899902344, 0.997617781162262, 0.9972280263900757, 0.9974878430366516, 0.997357964515686, 0.9976611137390137, 0.997184693813324, 0.9972712993621826, 0.9970114231109619], "val_loss": [89.9801025390625, 62.531883239746094, 46.193912506103516, 43.794105529785156, 43.690940856933594, 62.50328063964844, 42.700645446777344, 45.41343688964844, 40.432411193847656, 39.39618682861328, 39.385738372802734, 40.90203094482422, 42.028018951416016, 41.326515197753906, 57.887535095214844, 36.8759651184082, 42.05705642700195, 44.13874816894531, 51.52245330810547, 52.21478271484375, 42.10661315917969, 53.523590087890625, 45.881465911865234, 43.37701416015625, 40.7205810546875, 35.468502044677734, 45.184879302978516, 42.32129669189453, 47.370906829833984, 48.4547004699707], "val_accuracy": [0.15413925051689148, 0.15413925051689148, 0.15448562800884247, 0.15517838299274445, 0.15760305523872375, 0.15483200550079346, 0.16868722438812256, 0.16591617465019226, 0.162105992436409, 0.17111188173294067, 0.1704191267490387, 0.16937997937202454, 0.17249740660190582, 0.17734672129154205, 0.16141323745250702, 0.20713543891906738, 0.18808451294898987, 0.19362659752368927, 0.16937997937202454, 0.1704191267490387, 0.19085556268692017, 0.1846207082271576, 0.20471076667308807, 0.21129199862480164, 0.21995151042938232, 0.22826462984085083, 0.20055420696735382, 0.20852094888687134, 0.21129199862480164, 0.2067890614271164]}