{"loss": [0.045939914882183075, 0.044772397726774216, 0.024648519232869148, 0.01717391051352024, 0.01231235172599554, 0.011667358689010143, 0.009764347225427628, 0.00982118770480156, 0.01222504023462534, 0.010748365893959999, 0.01051054336130619, 0.00993727333843708, 0.009357619099318981, 0.008629344403743744, 0.008065730333328247, 0.008466716855764389, 0.008478406816720963, 0.009387753903865814, 0.008458980359137058, 0.009682214818894863, 0.00923731829971075, 0.010563154704868793, 0.009851338341832161, 0.007964969612658024, 0.010560424067080021, 0.01106119342148304, 0.008967111818492413, 0.010127251036465168, 0.01029336266219616, 0.012480068020522594], "accuracy": [0.9975311756134033, 0.9973146319389343, 0.997617781162262, 0.9980509281158447, 0.9984840750694275, 0.9981808662414551, 0.9984840750694275, 0.9984407424926758, 0.9981808662414551, 0.9980942606925964, 0.9985273480415344, 0.9985273480415344, 0.9983108043670654, 0.9984407424926758, 0.9985706806182861, 0.9983974099159241, 0.9984840750694275, 0.9984840750694275, 0.9984840750694275, 0.9983108043670654, 0.9980509281158447, 0.998007595539093, 0.9977044463157654, 0.9981375336647034, 0.9978343844413757, 0.998007595539093, 0.9980942606925964, 0.9980942606925964, 0.9981808662414551, 0.9974878430366516], "val_loss": [31.534313201904297, 24.07451057434082, 19.188587188720703, 16.519210815429688, 19.024003982543945, 18.8743839263916, 19.83796501159668, 17.544334411621094, 22.656713485717773, 21.029808044433594, 19.99140739440918, 21.231035232543945, 21.85207176208496, 17.520519256591797, 17.779890060424805, 20.004051208496094, 20.303781509399414, 15.152703285217285, 15.712142944335938, 17.021188735961914, 22.213621139526367, 20.44188117980957, 17.546749114990234, 18.15715980529785, 18.800167083740234, 18.224454879760742, 17.903667449951172, 20.993703842163086, 20.129589080810547, 17.927751541137695], "val_accuracy": [0.15448562800884247, 0.15448562800884247, 0.16106684505939484, 0.17526844143867493, 0.17145825922489166, 0.17457568645477295, 0.17076550424098969, 0.19050918519496918, 0.18635261058807373, 0.18392795324325562, 0.2009005844593048, 0.1873917579650879, 0.1783858686685562, 0.21960513293743134, 0.24696917831897736, 0.22480082511901855, 0.2209906429052353, 0.2788361608982086, 0.2625562846660614, 0.25839972496032715, 0.2064426690340042, 0.23692414164543152, 0.25251126289367676, 0.26983028650283813, 0.26671284437179565, 0.2625562846660614, 0.27225494384765625, 0.24246622622013092, 0.2594388723373413, 0.28403186798095703]}