{"loss": [0.04665520787239075, 0.049264296889305115, 0.02387963980436325, 0.018274221569299698, 0.01211095042526722, 0.010462233796715736, 0.012005395255982876, 0.012229811400175095, 0.009391134604811668, 0.008416936732828617, 0.009401676245033741, 0.0072634341195225716, 0.010604745708405972, 0.009607207030057907, 0.009160548448562622, 0.00750924414023757, 0.007932708598673344, 0.008423494175076485, 0.007903236895799637, 0.008250120095908642, 0.009892566129565239, 0.009786201640963554, 0.006985814310610294, 0.008880922570824623, 0.00758457463234663, 0.009528903290629387, 0.010205775499343872, 0.00927905086427927, 0.006839444395154715, 0.012784761376678944], "accuracy": [0.997574508190155, 0.9971413612365723, 0.9979643225669861, 0.9981808662414551, 0.9984407424926758, 0.9986572861671448, 0.9983108043670654, 0.9984840750694275, 0.9984407424926758, 0.9987006187438965, 0.9983108043670654, 0.9986572861671448, 0.9983108043670654, 0.9981808662414551, 0.9983108043670654, 0.9986572861671448, 0.9983974099159241, 0.9981375336647034, 0.9981808662414551, 0.9982241988182068, 0.9980509281158447, 0.9982241988182068, 0.9979209899902344, 0.998007595539093, 0.9984407424926758, 0.9981375336647034, 0.9982241988182068, 0.9981375336647034, 0.9983541369438171, 0.9974878430366516], "val_loss": [32.725379943847656, 18.96645736694336, 17.07769203186035, 18.097673416137695, 16.88310432434082, 20.63959312438965, 20.786348342895508, 17.201370239257812, 20.155893325805664, 17.358394622802734, 18.72089958190918, 16.45818519592285, 21.793563842773438, 20.938024520874023, 20.620752334594727, 24.515993118286133, 22.91108512878418, 22.5982723236084, 24.121017456054688, 20.151569366455078, 18.75293731689453, 20.285554885864258, 22.133867263793945, 18.939638137817383, 30.87335968017578, 19.846227645874023, 17.16968536376953, 18.241729736328125, 22.215768814086914, 22.30720329284668], "val_accuracy": [0.15413925051689148, 0.15483200550079346, 0.16903360188007355, 0.16695532202720642, 0.17249740660190582, 0.16245236992835999, 0.16245236992835999, 0.1842743307352066, 0.16314513981342316, 0.18808451294898987, 0.19050918519496918, 0.19674402475357056, 0.1735365390777588, 0.18115690350532532, 0.1815032958984375, 0.16591617465019226, 0.18115690350532532, 0.17734672129154205, 0.18115690350532532, 0.19951507449150085, 0.20609629154205322, 0.20782819390296936, 0.20193973183631897, 0.20852094888687134, 0.16868722438812256, 0.22999653220176697, 0.24142709374427795, 0.2601316273212433, 0.24523727595806122, 0.22306892275810242]}