{"loss": [0.042970363050699234, 0.041100483387708664, 0.02079782448709011, 0.013419685885310173, 0.011312540620565414, 0.012573891319334507, 0.011624602600932121, 0.007710108533501625, 0.00805443711578846, 0.008194384165108204, 0.007704881951212883, 0.006931518204510212, 0.008199652656912804, 0.007756190374493599, 0.006252594757825136, 0.006934796459972858, 0.007779364008456469, 0.008875148370862007, 0.0064512272365391254, 0.006466434802860022, 0.008391691371798515, 0.007577469106763601, 0.00942278653383255, 0.008520012721419334, 0.008671640418469906, 0.008389627560973167, 0.010985811240971088, 0.009852202609181404, 0.009077145718038082, 0.00977283250540495], "accuracy": [0.997617781162262, 0.997184693813324, 0.9979209899902344, 0.9982241988182068, 0.9984840750694275, 0.9981375336647034, 0.9983108043670654, 0.9984840750694275, 0.9980509281158447, 0.9983541369438171, 0.9983541369438171, 0.9983541369438171, 0.9982674717903137, 0.9983974099159241, 0.9987006187438965, 0.9981375336647034, 0.9983541369438171, 0.9983108043670654, 0.9983974099159241, 0.9980942606925964, 0.998007595539093, 0.9981375336647034, 0.997791051864624, 0.9981375336647034, 0.9979643225669861, 0.9981375336647034, 0.997574508190155, 0.997791051864624, 0.998007595539093, 0.9980942606925964], "val_loss": [28.232616424560547, 24.45192527770996, 16.358665466308594, 18.226360321044922, 22.291378021240234, 18.205184936523438, 23.061283111572266, 16.753400802612305, 19.477127075195312, 19.818662643432617, 17.704137802124023, 20.330852508544922, 20.119739532470703, 19.212800979614258, 21.054174423217773, 22.98640251159668, 18.903902053833008, 18.24336814880371, 16.436094284057617, 18.37861442565918, 15.048617362976074, 20.068052291870117, 14.845388412475586, 18.03448486328125, 23.96065330505371, 17.686874389648438, 19.064695358276367, 15.9940185546875, 19.030170440673828, 14.744215965270996], "val_accuracy": [0.15413925051689148, 0.15448562800884247, 0.1679944545030594, 0.16245236992835999, 0.1589885652065277, 0.1728437840938568, 0.15968133509159088, 0.18669898808002472, 0.17388291656970978, 0.1929338425397873, 0.1984759271144867, 0.18531347811222076, 0.19085556268692017, 0.20228610932826996, 0.2067890614271164, 0.19501212239265442, 0.2209906429052353, 0.23553861677646637, 0.25597506761550903, 0.22722549736499786, 0.2712157964706421, 0.22168341279029846, 0.29788708686828613, 0.2625562846660614, 0.21406304836273193, 0.26983028650283813, 0.2511257231235504, 0.2926913797855377, 0.2514721155166626, 0.3273293972015381]}