{"loss": [0.9403181076049805, 0.6845669746398926, 0.6224947571754456, 0.5883729457855225, 0.5667582154273987, 0.5494771003723145, 0.5398043394088745, 0.5313568711280823, 0.5229671001434326, 0.5153085589408875, 0.509828507900238, 0.5069062113761902, 0.5063174962997437, 0.5007572770118713, 0.49749472737312317, 0.4977540373802185, 0.49165117740631104, 0.49318981170654297, 0.48374396562576294, 0.48846718668937683, 0.4887754023075104, 0.4901626706123352, 0.4837796092033386, 0.4848163425922394, 0.48867785930633545, 0.48574721813201904, 0.479399174451828, 0.47934144735336304, 0.48040273785591125, 0.47948014736175537], "accuracy": [0.6768018007278442, 0.7637733817100525, 0.7833506464958191, 0.7923163771629333, 0.7983368039131165, 0.8075190782546997, 0.8089050650596619, 0.8092515468597412, 0.810291051864624, 0.8157051205635071, 0.8183472156524658, 0.8180440068244934, 0.8165280818939209, 0.8183904886245728, 0.819516658782959, 0.8209892511367798, 0.8222886323928833, 0.8215523362159729, 0.82536381483078, 0.8240644335746765, 0.8246275186538696, 0.8240211606025696, 0.825147271156311, 0.8231981992721558, 0.8233281373977661, 0.8262300491333008, 0.8257536292076111, 0.827572762966156, 0.8272695541381836, 0.827789306640625], "val_loss": [0.7394139170646667, 0.6477058529853821, 0.6058768630027771, 0.5743907690048218, 0.5522139668464661, 0.5524405241012573, 0.546238362789154, 0.5278520584106445, 0.5218902230262756, 0.5138618350028992, 0.5126861929893494, 0.5036832690238953, 0.5034267902374268, 0.5017576813697815, 0.4985993504524231, 0.49187663197517395, 0.48481276631355286, 0.49520474672317505, 0.4852007031440735, 0.5016930103302002, 0.4782547056674957, 0.4855261445045471, 0.4758965075016022, 0.47946712374687195, 0.47782137989997864, 0.4754754900932312, 0.47518670558929443, 0.4675479531288147, 0.4713340401649475, 0.46633705496788025], "val_accuracy": [0.7523380517959595, 0.7817804217338562, 0.7952892184257507, 0.8039487600326538, 0.8074125647544861, 0.8094907999038696, 0.8108763694763184, 0.8212677240371704, 0.8181503415107727, 0.8174575567245483, 0.8181503415107727, 0.8236924409866333, 0.8226532936096191, 0.8191894888877869, 0.8219605088233948, 0.8233460187911987, 0.8243851661682129, 0.8275026082992554, 0.826809823513031, 0.8157256841659546, 0.8285417556762695, 0.828195333480835, 0.8299272656440735, 0.8247315287590027, 0.8309664130210876, 0.8288881182670593, 0.8247315287590027, 0.8313127756118774, 0.8271562457084656, 0.8295809030532837]}