{"loss": [0.8927372694015503, 0.634236216545105, 0.57419353723526, 0.5403280258178711, 0.5193375945091248, 0.5060753226280212, 0.49449774622917175, 0.48412421345710754, 0.47885581851005554, 0.47415217757225037, 0.46588626503944397, 0.4612669050693512, 0.4630793631076813, 0.45703813433647156, 0.45556578040122986, 0.4566558301448822, 0.4456266462802887, 0.442277193069458, 0.4430319368839264, 0.4444359242916107, 0.4401395320892334, 0.44069722294807434, 0.4395005404949188, 0.4386821985244751, 0.4417174458503723, 0.43818750977516174, 0.4422038495540619, 0.43721139430999756, 0.43770861625671387, 0.4360645115375519], "accuracy": [0.6960325837135315, 0.7814449071884155, 0.8027547001838684, 0.8123700618743896, 0.8199930787086487, 0.8232415318489075, 0.8274861574172974, 0.8314275741577148, 0.8312110304832458, 0.8348492980003357, 0.8371015191078186, 0.8371448516845703, 0.8366683721542358, 0.8370581865310669, 0.8397868871688843, 0.8375779390335083, 0.842039167881012, 0.8431219458580017, 0.84247225522995, 0.8411296010017395, 0.8418658971786499, 0.8408697247505188, 0.8430353403091431, 0.8453742265701294, 0.8418225646018982, 0.8426021933555603, 0.8419958353042603, 0.8433385491371155, 0.845244288444519, 0.8423856496810913], "val_loss": [0.657183825969696, 0.5733209848403931, 0.5281733274459839, 0.5034441947937012, 0.47957760095596313, 0.4786568582057953, 0.466549813747406, 0.4579773247241974, 0.45136430859565735, 0.44173601269721985, 0.43599677085876465, 0.4344407618045807, 0.4381840229034424, 0.4306744635105133, 0.42696183919906616, 0.4284321963787079, 0.4200519025325775, 0.42536160349845886, 0.42731741070747375, 0.4244222044944763, 0.4151754379272461, 0.42560747265815735, 0.4093341827392578, 0.42153310775756836, 0.41163817048072815, 0.4186003804206848, 0.41487064957618713, 0.41466206312179565, 0.40814465284347534, 0.4105740785598755], "val_accuracy": [0.7797021269798279, 0.8070661425590515, 0.821614146232605, 0.8326982855796814, 0.8423969745635986, 0.8337374329566956, 0.8378940224647522, 0.8444752097129822, 0.8458607792854309, 0.8486317992210388, 0.8524419665336609, 0.8489781618118286, 0.8503636717796326, 0.854866623878479, 0.853481113910675, 0.8489781618118286, 0.8579840660095215, 0.8555594086647034, 0.8510564565658569, 0.8475926518440247, 0.8579840660095215, 0.8520956039428711, 0.8576377034187317, 0.8486317992210388, 0.8572912812232971, 0.8538274765014648, 0.8586768507957458, 0.8555594086647034, 0.8576377034187317, 0.8572912812232971]}