{"loss": [1.7697560787200928, 0.8748306632041931, 0.7982684373855591, 0.7678884267807007, 0.7654607892036438, 0.7598400115966797, 0.7529224753379822, 0.7541966438293457, 0.7446738481521606, 0.7601854801177979, 0.7500375509262085, 0.7582499384880066, 0.7516534924507141, 0.7433577179908752, 0.7553862929344177, 0.7506079077720642, 0.7479547262191772, 0.7521385550498962, 0.7432428002357483, 0.7446261048316956, 0.7528685331344604, 0.7553088068962097, 0.7482476830482483, 0.7487038373947144, 0.7551299929618835, 0.7472826242446899, 0.7504660487174988, 0.7425318956375122, 0.7504186034202576, 0.7387737035751343], "accuracy": [0.5269837379455566, 0.6976784467697144, 0.7249653339385986, 0.7327616214752197, 0.7358368039131165, 0.7380024194717407, 0.737959086894989, 0.7386087775230408, 0.7435897588729858, 0.7390852570533752, 0.7410776019096375, 0.7390852570533752, 0.7410343289375305, 0.7435897588729858, 0.7404712438583374, 0.7423336505889893, 0.742160439491272, 0.7394317388534546, 0.741943895816803, 0.7410776019096375, 0.7425069212913513, 0.7409909963607788, 0.7424635887145996, 0.7406877875328064, 0.7374826669692993, 0.7460585832595825, 0.742766797542572, 0.7444126605987549, 0.7425069212913513, 0.7430266737937927], "val_loss": [0.7845444083213806, 0.6838999390602112, 0.661620020866394, 0.6807620525360107, 0.6285645365715027, 0.6483604907989502, 0.6504515409469604, 0.674300491809845, 0.6497422456741333, 0.6539731621742249, 0.6466357707977295, 0.6495213508605957, 0.6787570714950562, 0.6322212815284729, 0.6605056524276733, 0.6461148858070374, 0.6392040848731995, 0.6467987298965454, 0.6563578844070435, 0.6740163564682007, 0.6470571160316467, 0.7108697891235352, 0.614210307598114, 0.6353325247764587, 0.649339497089386, 0.6346368789672852, 0.6856327652931213, 0.6592632532119751, 0.6492280960083008, 0.6777432560920715], "val_accuracy": [0.7270523309707642, 0.7616903185844421, 0.7745063900947571, 0.7571873664855957, 0.7765846848487854, 0.7713890075683594, 0.7696570754051208, 0.7582265138626099, 0.7745063900947571, 0.7682715654373169, 0.770696222782135, 0.769310712814331, 0.7603048086166382, 0.782126784324646, 0.7741600275039673, 0.7703498601913452, 0.7831659317016602, 0.7613439559936523, 0.7644613981246948, 0.7668860554695129, 0.7682715654373169, 0.754069983959198, 0.7790093421936035, 0.775891900062561, 0.7734672427177429, 0.7703498601913452, 0.7582265138626099, 0.7599584460258484, 0.7675787806510925, 0.7561482787132263]}