{"loss": [0.935650646686554, 0.686378002166748, 0.6173111796379089, 0.5834564566612244, 0.5580127239227295, 0.5425174236297607, 0.5276447534561157, 0.5151819586753845, 0.5061490535736084, 0.5021517276763916, 0.4955039620399475, 0.49071457982063293, 0.4843587279319763, 0.48853275179862976, 0.4809668958187103, 0.4771459996700287, 0.4734324812889099, 0.4712183475494385, 0.4681088924407959, 0.4701024889945984, 0.47148510813713074, 0.4644235372543335, 0.46022915840148926, 0.46151483058929443, 0.4616433084011078, 0.4546946883201599, 0.4658219516277313, 0.4601232409477234, 0.4627523124217987, 0.45900771021842957], "accuracy": [0.6790540814399719, 0.7641631960868835, 0.7868156433105469, 0.7961711883544922, 0.804876983165741, 0.8108974099159241, 0.8145790100097656, 0.8172643780708313, 0.8194733262062073, 0.8202962875366211, 0.8257536292076111, 0.8261001110076904, 0.8259268999099731, 0.8268364667892456, 0.8309944272041321, 0.8264899253845215, 0.8293918967247009, 0.8329002261161804, 0.8338097929954529, 0.8316441178321838, 0.8285256624221802, 0.8316008448600769, 0.8331167697906494, 0.834805965423584, 0.8318173885345459, 0.8341562747955322, 0.8327702879905701, 0.8327269554138184, 0.8330301642417908, 0.8357155323028564], "val_loss": [0.7326541543006897, 0.6229433417320251, 0.5754680037498474, 0.5437743067741394, 0.5230818390846252, 0.5138051509857178, 0.5008392930030823, 0.4956939220428467, 0.4901003837585449, 0.4844438433647156, 0.4757048487663269, 0.4633226692676544, 0.4734165668487549, 0.4601031243801117, 0.45399951934814453, 0.46636107563972473, 0.45290642976760864, 0.45375877618789673, 0.45182234048843384, 0.450387179851532, 0.4500512480735779, 0.44986099004745483, 0.4474541246891022, 0.44765734672546387, 0.44127410650253296, 0.44420450925827026, 0.4386255741119385, 0.44253021478652954, 0.43958911299705505, 0.4479220509529114], "val_accuracy": [0.747835099697113, 0.7984066605567932, 0.8108763694763184, 0.8223068714141846, 0.8299272656440735, 0.8326982855796814, 0.8316591382026672, 0.8361620903015137, 0.8365085124969482, 0.8403186798095703, 0.8410114049911499, 0.8420505523681641, 0.8375476002693176, 0.8441288471221924, 0.848285436630249, 0.8406650424003601, 0.8503636717796326, 0.8475926518440247, 0.8427433371543884, 0.8479390144348145, 0.8472462892532349, 0.8458607792854309, 0.8486317992210388, 0.8465535044670105, 0.8541738986968994, 0.8500173091888428, 0.8531347513198853, 0.8493245840072632, 0.8486317992210388, 0.8444752097129822]}