{"loss": [0.9273284077644348, 0.6804830431938171, 0.6189594864845276, 0.5803806781768799, 0.5594996213912964, 0.5403947830200195, 0.5276819467544556, 0.519287645816803, 0.5082792639732361, 0.5044819116592407, 0.49748602509498596, 0.4891951382160187, 0.4890526831150055, 0.48662328720092773, 0.4816879630088806, 0.4764557480812073, 0.4731372892856598, 0.47351396083831787, 0.4746992886066437, 0.46864771842956543, 0.4679126441478729, 0.46863436698913574, 0.45882222056388855, 0.46396613121032715, 0.46387577056884766, 0.4627019762992859, 0.45297762751579285, 0.45583468675613403, 0.4594477415084839, 0.45861950516700745], "accuracy": [0.6846413612365723, 0.7696205973625183, 0.7878551483154297, 0.8034909963607788, 0.8083853125572205, 0.8154452443122864, 0.8182605504989624, 0.8193433880805969, 0.824540913105011, 0.823154866695404, 0.8258402347564697, 0.8258835673332214, 0.8269230723381042, 0.8319473266601562, 0.8296951055526733, 0.8312110304832458, 0.8332033753395081, 0.8340263366699219, 0.830388069152832, 0.8357155323028564, 0.8366250991821289, 0.8327702879905701, 0.837404727935791, 0.8334632515907288, 0.8371015191078186, 0.8368849754333496, 0.8398735523223877, 0.83701491355896, 0.8363218903541565, 0.8375779390335083], "val_loss": [0.7475390434265137, 0.6510780453681946, 0.6055402755737305, 0.5800556540489197, 0.5581573247909546, 0.5410244464874268, 0.5327419638633728, 0.5191559195518494, 0.5161675810813904, 0.5026928782463074, 0.4944559633731842, 0.47978559136390686, 0.49002721905708313, 0.478799968957901, 0.4729839861392975, 0.4758947789669037, 0.4678773581981659, 0.46598783135414124, 0.45816341042518616, 0.46922558546066284, 0.46871164441108704, 0.4551669955253601, 0.45329320430755615, 0.45114603638648987, 0.4522826075553894, 0.4445919692516327, 0.4564145505428314, 0.4435756206512451, 0.44339704513549805, 0.4437043070793152], "val_accuracy": [0.747835099697113, 0.7776238322257996, 0.7928645610809326, 0.800138533115387, 0.8039487600326538, 0.8094907999038696, 0.811569094657898, 0.8184967041015625, 0.8160720467567444, 0.821614146232605, 0.8247315287590027, 0.8299272656440735, 0.8285417556762695, 0.8320055603981018, 0.8320055603981018, 0.8320055603981018, 0.8372012376785278, 0.8351229429244995, 0.8389331698417664, 0.8340837955474854, 0.8326982855796814, 0.8410114049911499, 0.8399723172187805, 0.8406650424003601, 0.8437824845314026, 0.8427433371543884, 0.8403186798095703, 0.8430896997451782, 0.8462071418762207, 0.8458607792854309]}